tid,distance_geometry_1_1,distance_geometry_2_1,distance_geometry_2_2,distance_geometry_3_1,distance_geometry_3_2,distance_geometry_3_3,distance_geometry_4_1,distance_geometry_4_2,distance_geometry_4_3,distance_geometry_4_4,distance_geometry_5_1,distance_geometry_5_2,distance_geometry_5_3,distance_geometry_5_4,distance_geometry_5_5,angles_0s,angles_mean,angles_meanse,angles_quant_min,angles_quant_05,angles_quant_10,angles_quant_25,angles_quant_median,angles_quant_75,angles_quant_90,angles_quant_95,angles_quant_max,angles_range,angles_sd,angles_vcoef,angles_mad,angles_iqr,angles_skew,angles_kurt,speed_0s,speed_mean,speed_meanse,speed_quant_min,speed_quant_05,speed_quant_10,speed_quant_25,speed_quant_median,speed_quant_75,speed_quant_90,speed_quant_95,speed_quant_max,speed_range,speed_sd,speed_vcoef,speed_mad,speed_iqr,speed_skew,speed_kurt,acceleration_0s,acceleration_mean,acceleration_meanse,acceleration_quant_min,acceleration_quant_05,acceleration_quant_10,acceleration_quant_25,acceleration_quant_median,acceleration_quant_75,acceleration_quant_90,acceleration_quant_95,acceleration_quant_max,acceleration_range,acceleration_sd,acceleration_vcoef,acceleration_mad,acceleration_iqr,acceleration_skew,acceleration_kurt,label
116,0.008329254083029588,0.00041134440377417334,0.011551865185266623,0.00044917943216405245,0.03770258468721096,0.021770026233892365,0.001527103361004142,0.002055442155959764,0.019990915059537668,0.02502157356595918,0.0008525342038331929,0.00048694249465826403,0.00043190908919051203,0.030652528362834986,0.06744683574459304,0,115.8204073880422,1.5182751413306412,0.16525928511323154,8.121514820756687,18.82989759021326,53.67317404783516,145.0360346300029,169.25618137576222,177.07147375577298,178.6122946919291,179.99583990627656,179.83058062116334,61.42919457089667,0.5303831678392014,31.66542199022703,115.58300732792706,-0.6247272525620302,-1.194808144397562,1,7.858844715967242,1.2457315285389372,0.0,0.030708507462154377,0.08064439684664823,0.3304198858796257,1.0202021589968127,3.1695369668461346,9.25262655522695,20.63742390102805,1354.8759013187866,1354.8759013187866,50.43289898984763,6.417342600927126,0.8650497376684365,2.839117080966509,16.769292640991708,360.91071341984815,0,-0.0006052459246059687,0.0005281326207687511,-0.5293666456950636,-0.0037970678682696666,-0.0014818045039596628,-0.0002490842536343596,-6.08979373846434e-07,0.00020380609132101117,0.0017408845605510594,0.004560428696878341,0.19508592027358554,0.7244525659686492,0.021381219393004552,-35.32649874003579,0.00022551140663322852,0.00045289034495537075,-14.67389637027724,327.3044182369093,F
118,0.003836783856446123,9.679193392310542e-05,0.014553951408415984,0.00020098985680611547,0.0019114043053399948,0.020971908430276933,0.0005830992665818147,0.00013801692148430073,0.00040901737894529655,0.02599836287044124,0.0007584438180684197,0.0002886175680039966,0.001088260409098346,0.0013075729178167637,0.029879689354394157,1,113.78745851412938,0.8901007873672943,0.0,8.280328790287982,18.156728289908727,54.48883062812729,138.32770159373388,167.91718211838895,176.52150990027187,178.71148019418953,180.0,180.0,60.448264215200574,0.5312383720012035,36.619386124781784,113.42835149026166,-0.5644914468088854,-1.222404090263698,0,8.002770395442548,1.2016654732951486,0.0003068016147722312,0.04345116793455232,0.10019489226095227,0.3334184103157478,1.0000701935769953,2.902570622561841,8.624458460643355,18.664311339137342,3201.722019529718,3201.7217127281033,81.60715399755664,10.197362908728536,0.8282654361217603,2.5691522122460935,29.435441465172413,991.4240069622892,0,0.00031418235304962283,0.0005072060540948004,-1.6971229699676087,-0.0032091282674467417,-0.0014007952284500055,-0.00024562954042510975,6.087768275374749e-07,0.0002654730026439482,0.001614688156965468,0.004648663259989002,0.816191683653323,2.513314653620932,0.03444522912978873,109.63451255439657,0.0002542336841132,0.000511102543069058,-21.40809507825643,1433.4418394321476,M
125,0.00016300769780201786,1.8696970405343977e-05,0.00042008922982856857,3.492903433199419e-05,0.00012030526393286486,0.0005391497421547542,0.003568121098703289,0.002321445454896337,0.001135521636788927,0.00038131204165551207,0.0012522513795863149,0.00020254848226292186,0.00025052714760835664,0.0004057821284848422,0.000965316944489248,0,115.89907117669901,0.9992311729238937,0.0007900612996744393,8.704124004767609,19.052252048625366,59.54922900255179,140.90364919805518,168.66198574365683,177.29286071907367,178.91250037903262,179.99847717485036,179.99768711355068,59.97052191592285,0.5174374678507316,35.156247846248306,109.11275674110504,-0.6141689598510198,-1.1410939162477212,0,32.747677589543734,3.963508165433622,0.001793241478906591,0.06231621433844687,0.20695425526594532,0.6967608774955548,2.1313549883433995,6.861475624220753,21.69974234685724,63.16003467932519,7655.905961524602,7655.904168283124,237.87653922320143,7.263920886382334,1.7974203164860099,6.164714746725198,16.749507591653042,390.898117823169,0,6.258697479418893e-05,0.0020379327363852532,-4.569431291971752,-0.009096381530777615,-0.0031950614673307053,-0.0005697831079288712,-1.6479164938695775e-06,0.000533372030398263,0.0032093563297634544,0.009011277767853166,2.4060493836888277,6.97548067566058,0.12230992501259468,1954.2392872446503,0.0005473893672872693,0.0011031551383271342,-13.67891397072632,640.6616598607412,F
131,0.00011982159863349647,0.0001480633229767066,0.00017808732981684729,0.0004425170586861917,0.0157152066406685,0.04310434231439761,0.00011265558621602662,0.00023439625310662994,6.538337803836505e-05,0.0005901872428178088,0.0004171491875026661,0.0013999305092655466,0.009786894397863951,0.00133178876824895,0.0011582935724733486,0,114.23637166094153,1.4611619575893717,0.15475154721732812,8.47741492625719,18.21239105368527,55.96351480610756,139.48948172808664,169.13751706128573,176.50636542893096,178.41791521224667,179.99704474246917,179.84229319525184,60.29838501585103,0.5278387622010549,36.111812916917785,113.17400225517818,-0.5568941685964176,-1.2235645522842882,2,15.742181471082338,4.881739845854625,0.0,0.036498096149340756,0.08685817106389668,0.33394748085906323,1.0303716589793013,3.1036042191515962,8.930261062853385,17.595236488459015,6560.5455887769185,6560.5455887769185,201.6932630404057,12.812281665721294,0.8830029827972535,2.7696567382925332,25.29453109147205,729.8230456025681,0,0.0026458035089266772,0.0023394396819756825,-1.4298297474323793,-0.002954979717749608,-0.0013979639776403724,-0.0002651763853211554,-3.6437120664569026e-07,0.00027028616874204573,0.0014889552937214217,0.003801816009041309,3.269289595933793,4.699119343366172,0.09665595423823324,36.53179607333866,0.00026861315698964666,0.0005354625540632011,22.344698771174432,808.4506074453124,F
144,0.00019934108274313327,0.0007749440287192664,0.0002019212410948492,0.0004629882700009068,0.0005041501182803599,0.0005907627269804253,0.00035326866405583404,0.00026964350534554066,0.0009722406556823208,0.0034577788023387114,0.00252269647495562,0.0008111962547806479,0.0010656318235763922,0.0002880827747741722,0.00048550207245095644,0,115.53499302374391,1.417272979986592,0.12571002916459095,9.16348465835032,18.214433906440753,58.238530912987564,140.60103856459068,169.48383323471754,177.37801294258523,178.99420396150504,179.9960947937037,179.8703847645391,60.661932593956614,0.5250524625166145,35.70444035421694,111.24530232172998,-0.5893185203996637,-1.1885129662385299,0,7.673311433768303,1.422518130331679,0.0019481259702048166,0.036941448813783306,0.10090892995333253,0.4335155599942975,1.2430214032946982,3.757741463352856,10.16759488415578,20.58018995384022,2294.562936228684,2294.560988102714,60.886434832531606,7.934831703113965,1.0542617237469794,3.3242259033585584,30.309727674529626,1093.995912546263,0,9.630472758376082e-05,0.0006416788604258646,-1.0533373517664946,-0.0033923743861739753,-0.0014490517646240058,-0.0002679050827352695,1.339823229389967e-06,0.00034332869843735814,0.00180751499162994,0.004668893381114945,0.3034715513364535,1.356808903102948,0.027465054599777206,285.18905861490066,0.00030508491072749934,0.0006112337811726276,-29.940178929813253,1188.3896851420868,M
161,1.877697917383186e-05,0.00018143078497534758,3.3142875273319144e-05,0.0003163440066740659,0.06636722807353705,0.031681145554530526,0.0005311843843069938,0.004571875638016939,0.00028447495426425946,0.0023505503995508302,0.00032744071082303414,0.011500597648001628,0.0032837900612805284,5.160163155789722e-05,0.00016708512185437905,0,113.97609627556554,1.5241340574922728,1.2074182697257333e-06,8.173487536583558,17.343421302002305,54.95036660748699,137.41743600210867,168.83564264205447,176.6969746477559,178.78714849061066,179.99924193986524,179.99924073244696,60.69805281538827,0.5325507259753453,37.776989055948306,113.88527603456748,-0.5569660391580344,-1.2290297013899283,0,44.49838866166451,9.817558104566743,0.00044919229298690286,0.0417131467411242,0.09752906332629974,0.3709670067786008,1.2666613052701525,4.66413372294552,13.80440992172149,36.899711566919365,8912.064056969002,8912.063607776709,390.98047669744204,8.786396282125894,1.1125826388487745,4.293166716166919,15.291236386354006,283.1580566463151,0,-0.006318981309508938,0.003931635658770354,-3.497170757553015,-0.00668790277681418,-0.002247397619560427,-0.00031719929937039837,2.2627121811175558e-08,0.0002979999819343016,0.002082243374633659,0.005494324454810063,0.9725692704771259,4.469740028030141,0.15657587841029968,-24.778658258520398,0.0003058403438618428,0.0006151992813046999,-14.253386761680959,287.39851530412363,M
166,0.00039249577038784225,2.76016157577916e-05,0.0010242676445896988,3.574659716087396e-05,2.0682319996005926e-05,0.0011915710206824163,0.00014813899566990384,9.021698301525126e-05,0.0029559120101792513,0.0020511937402952376,0.0006765388872231812,0.00019294731842652515,0.0005151181816923436,0.0006343528991949931,0.0014611328889770456,0,113.54655810108493,1.029775538079343,0.0605469035170427,6.912284828636572,15.026889609424307,51.36369552289089,139.71149458471842,169.78117083120276,177.61092372628605,179.1847556137124,179.9970656353727,179.93651873185567,62.4098351293296,0.5496409241552631,37.0604946114548,118.41747530831186,-0.5500778044888581,-1.2788987477645393,0,28.577558297383437,3.2631509863958668,6.584046882469356e-05,0.040298772066613184,0.11494622953857142,0.4950222410782623,1.7377503324785286,5.696066829234667,20.39802744360931,53.003758681374904,4482.434519885654,4482.434454045185,197.76418018523967,6.920261630726757,1.541766185249159,5.201044588156405,13.543180611736712,224.43512366840216,0,-0.00024764101809733726,0.0018095477632556348,-2.253705552537845,-0.008530926729636729,-0.0030067756303839106,-0.00045275359327170804,2.830302351371258e-07,0.00040644709757786164,0.0031848872060993207,0.009137785167771606,2.9795140238077873,5.233219576345633,0.10966814940473943,-442.8513105273759,0.0004310523241655699,0.0008592006908495697,1.5936556577446799,332.99362781766064,M
168,0.0003337348535925099,2.4762101492453135e-05,0.0005836466036996391,5.489609183082609e-05,2.1722339964398775e-05,0.0020978777549952262,3.6290980815418764e-05,4.027243576974722e-05,0.00017550413597241005,0.0022727101291028697,1.1540737154504004e-05,0.0007937069540383059,3.9697926143930796e-05,0.005690507414527606,0.0008833422164622478,0,114.73213484538843,0.7529378864625582,0.024002211973718306,8.526458358726126,18.259072654372183,56.70231824787451,139.97996284870445,168.74061267466854,177.00018151902603,178.8216786007346,180.0,179.9759977880263,60.69445332761335,0.5290100581620348,35.87359788642033,112.03829442679404,-0.5837133571270603,-1.203626625751244,0,42.53288378191744,5.295912864563604,0.00016286349061102198,0.0360585526110161,0.09233696482538502,0.382325612235014,1.1572508659253393,3.6411121823802333,11.64515039338891,30.567700430804468,9133.765465151244,9133.765302287753,426.9044524980838,10.03704462380186,0.9853207124235901,3.258786570145219,14.98744759825253,250.58871326346258,0,0.0003807800526478031,0.004183965081534668,-6.258030638906741,-0.0047089776445885575,-0.0017256067251509592,-0.0003054675125103106,5.743082618101368e-07,0.0003180952321683569,0.0019515655004934075,0.005806730490188181,12.796951302296232,19.054981941202975,0.33727014927970145,885.7348144537773,0.0003124969784398016,0.0006235627446786675,14.696618323796486,627.643674120436,F
183,0.007165164100069347,0.00019928058176943086,0.057351619468062054,2.309604929780577e-05,0.00019148859570770934,0.09127476727869904,7.168868438181132e-05,0.00016651501753625552,0.00013222684464141455,0.12410842932854241,4.2117971612013864e-05,7.580459563759938e-05,0.0004758074926919742,0.0006479797088507314,0.14756965327902336,0,115.41799764493761,0.5813225470318015,0.008736890580588423,9.166884117392106,18.72973485698239,58.406312473156234,140.4556387680228,168.82491971409297,176.72563499136754,178.59744602757783,180.0,179.9912631094194,60.2110984350887,0.5216785914127288,35.09558543679215,110.41860724093674,-0.6049031317404946,-1.1692533848115167,0,19.290212933580012,3.294711219389993,0.00033065503810446393,0.041944361405609545,0.0987745627902772,0.45495389161886124,1.5023895178599704,4.491555625714475,11.907656128013716,22.845303309130582,19876.38765085228,19876.387320197242,341.25320367976303,17.690484021859415,1.3028384726255413,4.036601734095614,38.25661127582586,1779.5607008567983,0,-0.00018812404030876508,0.0024612624511119317,-14.086423428385693,-0.005159520656401923,-0.0021589100669449526,-0.0003714966910290435,-3.43329378257983e-07,0.00036307948634705154,0.0023731760904177864,0.005494833178162407,14.395525687708915,28.481949116094608,0.2549278648749558,-1355.1051979138158,0.0003676810382500155,0.0007345761773760951,4.733887651428021,2008.1613740498085,M
184,0.0006173279492909037,8.966496726418918e-05,0.0015206822220617568,9.66590349916998e-05,0.0002987908740103911,0.002023632590576175,0.00010095907749649915,0.00035604153520722644,5.7034128047618925e-05,0.002101987707660466,0.0020513124561012223,0.003959626231374364,0.0005502229422569832,0.0010704963515598873,0.002182259222523554,0,113.55920223957507,0.7571721907262832,0.033169219346552585,8.859617475723265,18.479066574958367,52.449741093542926,138.3319289915429,168.22575954639512,176.82451975537987,178.73519511341647,179.9994224229171,179.96625320357055,60.908843689518406,0.5363620251665685,37.303438389615394,115.7760184528522,-0.5418811502222114,-1.2703415328555274,0,11.085011225440036,1.6631325173270053,8.053372379495317e-05,0.04193055783417346,0.11161953045612152,0.3687346216105656,1.1742300189293389,4.049268575503433,15.197558372006146,32.235349853000706,8467.354422618659,8467.354342084935,133.78658087753973,12.06914257069044,1.0083893801424662,3.6805339538928674,46.60481862738425,2647.775254078688,0,0.000703880568225852,0.0016290581488134397,-3.36873896561659,-0.006496146387816943,-0.0023964715467112057,-0.00033779686992240995,-4.955787964968937e-07,0.00029843261811016137,0.0023646177277649462,0.006337015528137929,9.007643968081855,12.376382933698444,0.13104555260017914,186.17583510009746,0.0003179060131658168,0.0006362294880325713,47.41514991348437,3549.265730058337,M
201,0.0013175493335899743,0.001273123435197682,0.0028023254899271046,0.0008039254767973742,0.0055869126606887575,0.009617308041543385,0.0025713181925366927,0.0010477938776336257,0.00772382797252126,0.012783125399845162,0.0024380812800634554,0.0005650417049842315,0.0021238495953075053,0.006594854827977833,0.012427202871117997,0,114.71027518470306,1.8561128031475485,0.07723635409836623,9.490327409819333,19.256961278621347,55.59065717393813,141.20775840302565,168.84496759252528,177.3535698496572,178.98888367505293,179.99228714472852,179.91505079063015,60.71503577919416,0.5292902983750376,35.71085724240906,113.25431041858715,-0.5538888029446857,-1.256955978461009,0,13.558719169690425,3.1776188579140925,0.0030450175609475333,0.04531290402064438,0.1293790894124556,0.5221139040090271,1.370194957388395,3.829759262857977,11.12217983341878,23.46087524005857,1910.2571954933828,1910.254150475822,103.94262801470457,7.666109660790164,1.1221601911128498,3.3076453588489496,13.902126484895655,212.3503859548105,0,0.0008919206917656424,0.0017350978131550822,-0.7585188615068563,-0.004277472977848245,-0.0017807754724681554,-0.0003191367562772923,3.2402510905918057e-07,0.00038569365650664624,0.002239625140359862,0.005457415299441589,1.359177225950012,2.117696087456868,0.05675653205315346,63.63405690342094,0.0003558597733924923,0.0007048304127839386,10.469554704499453,347.90745621834947,F
215,0.0002476840434285161,0.010084937126796867,0.003469146311494325,0.001769231259043272,0.00238253799064999,0.007204291665608771,0.004781975961676843,0.014244273991624805,0.003726541297962204,0.002892798918293003,0.0027162523477936673,0.0016547482885085072,0.004880096189425713,0.001862995382911531,0.004325889768639263,0,114.5175767087336,1.4544224943522013,0.03245503746725201,12.01793492992493,19.853880728245926,55.691912209621265,136.6521078879789,167.81359167828248,176.6725079889642,178.75578192969886,180.0,179.96754496253274,59.578087927579084,0.5202527824974086,37.877353710694976,112.12167946866121,-0.5653935677178498,-1.2119540321575868,0,9.431123092827841,1.5031716135854132,0.0013843640499008089,0.044906826574066284,0.11837118730482132,0.39891515533949296,1.2396903357746318,3.857077538774893,11.350661557043699,22.155122881644186,1391.9994621460112,1391.9980777819612,61.57501751533409,6.528916748224876,1.0374230685829668,3.4581623834354,15.037795563139408,265.2673524755455,0,-0.0002518863378362766,0.0010436316454613761,-0.8468478594878991,-0.003931613146785492,-0.0016335929360230571,-0.00031950183592094697,-1.175035937005836e-06,0.0002726652989752906,0.0018069620475655436,0.0055253997120975245,0.9498370294801912,1.7966848889680902,0.042750698767895334,-169.72218158049856,0.0002961069194899733,0.0005921671348962376,-3.275160097976145,320.67954870965326,M
217,0.001790731313756527,0.00027117336386134187,0.002542328887395025,0.007904876559519991,0.016906310303789064,0.002687567248224035,0.0009721498679729654,0.00044527911226411687,0.00167340156634047,0.002704142249114589,0.0019792042899720455,0.003168856101353453,0.0013028110357283442,0.0003486592388765643,0.003452318251385251,0,116.78469001080288,1.95486861927119,0.11389093002124179,8.080304861376714,16.214174384593118,57.18092720326099,144.46763760446146,170.42803418894766,177.68318928058298,178.99233025118758,179.9990308608538,179.88513993083257,61.539562207930494,0.5269488851855318,32.67418733214069,113.24710698568667,-0.6339706991387972,-1.1697432333015854,0,45.71551386944126,10.003817542591603,0.0023764951143356774,0.05996173858596299,0.21034153443023007,0.7130392284851902,2.5528058424911393,8.197146890634485,30.69523050745538,110.33937755868892,6916.620254043532,6916.617877548418,314.9217015968165,6.888727150616748,2.2047225321002455,7.484107662149295,14.447876870661203,262.8299093246072,0,0.0019604590079782573,0.0037637915806788165,-1.283766187763233,-0.010084237487528954,-0.0032880307352255236,-0.0005677123775848497,4.60833363604838e-06,0.000721758753837484,0.004751593245464578,0.024058352881810876,1.7010415043617657,2.9848076921249986,0.11848473285290238,60.43724065166297,0.000645006738940147,0.0012894711314223339,1.3073129476190555,93.15483637091606,F
247,5.096611176260387e-05,0.00015044223571757123,0.00017219005037773168,0.00023845509872407944,0.003173025036095544,0.000628234263042788,0.00011961583554147021,0.00017261161039525995,0.0022420605222339125,0.0008146540911375905,0.00017120327039120629,1.1632525969306452e-05,0.0005088838737597887,0.0001908876079074202,0.00034066701007148136,0,116.20712320886595,0.8436359996417355,0.0039434484027808595,8.701808658795079,17.05590430782528,52.20321006455733,145.68938156804555,171.32620035286968,177.96282234772613,179.21916984558533,179.99801349713275,179.99407004872995,62.28068130976676,0.535945470380727,31.912634791058565,119.12299028831234,-0.611488644527135,-1.2320232988706263,0,8.721324592376812,1.104476004511835,0.0016386844382501571,0.04277003626136572,0.10612322964356537,0.349684341573167,1.2180333162985857,5.653449721307121,18.290744120340477,30.771943509343288,5392.411115992766,5392.409477308328,81.53696390445394,9.349149093215068,1.0805600161818358,5.303765379733954,54.84837472238846,3511.8983069705514,0,0.0008010499280468207,0.0008022858592166946,-0.6031180357733322,-0.01047760759965065,-0.004090302479854218,-0.0004335665862387731,-2.3258230417865972e-08,0.0004696673139709207,0.004163151221953136,0.00996949659701944,4.102689159226603,4.705807194999935,0.059228043775309096,73.9380177209719,0.00044854263723147995,0.0009032339002096938,60.88394271494573,4224.424631754223,M
248,0.0014364217692628904,0.0024518709064142766,7.945706093181884e-05,0.003585916873812494,0.00011749476510624286,0.00023488124204016858,0.005221238045436356,0.0001783035971925769,0.0004421737236017185,0.0007937041598903358,0.00723289008298897,0.002742733100426629,0.015426495057241031,0.019946804994189944,0.0005263265915654295,0,119.07431956576788,1.2519148593255032,0.19545031007145544,11.543882247879155,23.248076967234827,66.74174688826626,142.24071663404325,170.24173714159716,177.16764788743725,179.07837137750485,179.99795473252726,179.8025044224558,58.358572129508,0.49010208365939917,33.32757916842499,103.49999025333089,-0.6780241018743902,-1.0244956846819295,0,22.650739279575827,3.6131245766528233,0.0008807244720938298,0.04612945899719548,0.13801543053810728,0.6192703273401658,2.1097022763237168,6.4021266142885755,18.20504442271309,39.89702495169691,3383.9839731636125,3383.9830924391404,168.42742112118998,7.435846532084761,1.8164783472732653,5.78285628694841,13.732547577957797,208.36834709429905,0,-0.0008684869347997457,0.002231084609980414,-2.192534086108525,-0.006558462886982024,-0.0028282572070633363,-0.0005165283303306956,1.3782423949083239e-06,0.0005320428122183252,0.0037692848198499517,0.011522171644977233,1.867784382387482,4.060318468496007,0.10400300880582801,-119.75195554301442,0.0005214887306356533,0.0010485711425490206,-6.764081753932474,271.3868767850472,F
250,0.0028438437543066297,0.00030068022814145506,0.004769712069075765,0.00065748740155029,0.0005196185779597501,0.005476003924347345,0.0006729462612020339,0.00022908597804429675,0.0012548789991504799,0.0056406332075350386,0.00032722947019522207,0.00012395643624818066,0.0006247158287471572,0.0031461075462088164,0.005574784550645349,0,115.51272664791372,0.887221808877834,0.023937683070678478,9.396043021427248,19.439950331995227,61.63183990616519,140.22661189308158,168.9292391237072,177.0438657295817,178.83750445600856,179.99672927071668,179.97279158764601,59.80032952090176,0.5176947272933394,35.694636729008124,107.297399217542,-0.5955431703654731,-1.1633084069231292,0,12.089512288026691,1.6107341333837293,0.0014606202881652936,0.04608652798461956,0.10236466303450865,0.3572983285627994,1.2440987197677975,3.76647141462095,10.736777807898884,22.530762007027402,3523.7458975641644,3523.7444369438763,108.56634832809239,8.980209105342919,1.0855987619934786,3.409173086058151,19.954119010316486,468.61656828985406,0,0.00018843912497332207,0.0009147136149139397,-1.8401012656976437,-0.004587689037830994,-0.0017821567929058651,-0.0003075098958056003,8.729407112966864e-07,0.00033917503893548856,0.0022166514181698347,0.005621783073614499,1.2810369702845636,3.1211382359822073,0.061653326193924496,327.17900915031817,0.00032014619436481536,0.0006466849347410888,-6.482369595532814,397.10177950935514,M
251,9.008769525187199e-05,0.00030313177872862964,0.000179109029853907,0.00027632443583698753,0.0004344274831820198,0.00010349592814937284,0.00017518584199728552,0.0013401924924494513,0.0008917955412548009,0.00022844177318749517,0.00043165555410144856,0.000424200103590826,0.001060201040194651,0.0005017912230784053,0.0001388452059382929,0,115.22996108944005,1.3711638490295337,0.09173321761338055,8.429825431429451,18.469758587726915,55.51392438255526,143.34325601834203,169.5258760277333,177.159242146849,178.93976369151403,179.99815986861023,179.90642665099685,61.32031149440593,0.5321559680716187,33.57441930625565,114.01195164517803,-0.580721630499206,-1.2387971645607423,0,14.883745880607146,2.9109068894284307,0.0014573271975345562,0.04329728120860482,0.10194107222866013,0.5057110780066645,1.5942876329608109,4.894123823108708,14.740720025813605,29.545623958997904,3747.3857058247218,3747.3842484975244,130.1797136186887,8.746434846640794,1.3759582404648834,4.388412745102043,21.925307551513345,558.3077033332133,0,0.000713962739309766,0.0017203339418000517,-1.5951310515956167,-0.004934639507463605,-0.002226016312659652,-0.00035776841158411006,1.171600275122287e-06,0.0003995105743123708,0.0028190058516644315,0.007630704673795887,1.7290727169261901,3.324203768521807,0.07693567275730165,107.75866655405622,0.0003749044158502403,0.0007572789858964809,-0.200275465238142,355.3946084782302,F
252,0.01392694631973658,0.015995594463383053,7.113288281196014e-05,0.03304582160717543,6.021729382858658e-05,0.00043078383214333727,0.039369486363225265,1.4069222979481307e-05,0.0002869339408606237,0.00037197327729614736,0.04169593072591329,0.002528454501358088,8.477008700756751e-05,0.00041725670320254195,0.0001081497764470135,0,117.6750334831381,0.7048349317814491,0.03768019277188825,10.297509674979159,21.18670387474981,63.966321672570736,143.0681442496729,169.60666754482722,176.83952827672644,178.68124115521317,179.99999914622634,179.96231895345446,59.32767744742385,0.504165375537582,32.690883026905794,105.64034587225649,-0.6568563428831963,-1.0880718625092605,1,10.113790547892743,1.9283131303992471,0.0,0.040894856707852284,0.09859307202324953,0.5084229549583192,1.6589343394729295,4.9123685188776935,12.959864966092676,23.465887501579534,11874.281589795057,11874.281589795057,162.33373267778546,16.050731118967903,1.442726765682872,4.4039455639193745,61.74014950245635,4246.967614488615,0,-0.0008974817911389463,0.0008919859349050458,-4.8837751684150765,-0.005928578520097536,-0.002580517746924144,-0.0004383694078089398,-3.920025198449988e-07,0.0004486478947875682,0.0027959181222020463,0.006206209965392087,1.1378222474754198,6.021597415890496,0.07509123078949335,-83.66880702303617,0.0004443480138884301,0.000887017302596508,-51.440025152173966,3109.24274040033,F
253,0.00010911819305909893,0.0001158940912612896,0.0001268717655273516,0.000497308792945462,0.0001504927908145632,0.00018585770279223358,0.000436683377415067,9.239016246237434e-05,0.000308389714307997,0.0002304385967298004,0.0008449341622083042,6.119089059670239e-05,0.0038774647374027822,0.0012774593977822857,0.0016193567998090425,0,116.12082712131696,0.8740410545102181,0.02112776024618262,8.38590392577077,17.792975622098073,55.47617737460183,143.96459159937052,169.7380736183455,177.01073917194554,178.74361586677665,179.99849276932275,179.97736500907658,61.12041042646919,0.526351834909114,32.516142663530346,114.26189624374368,-0.6212503976269994,-1.1897536486679765,0,15.329974907629214,1.7656328308315146,0.0022921867954318327,0.053628368182471464,0.1201081950615336,0.47308620943386387,1.666130370916036,5.269702829981026,15.558810277402406,34.40343133084656,4894.791752752414,4894.789460565618,123.46811711647031,8.054032564334099,1.462856541400679,4.796616620547162,22.036234558853565,648.7749042928052,0,0.00030441475835593895,0.000803476937807236,-1.5158713804946253,-0.00620887806444989,-0.0025539663726521023,-0.00044009546598966173,-1.389982550614605e-06,0.0004769439735915631,0.0032926275339468687,0.008004398196224206,1.7663501622885223,3.2822215427831476,0.056185965125516664,184.57043748128945,0.00045902175839900234,0.0009170394395812249,2.1397118996780944,453.61628553832105,F
255,0.002183513857606908,0.004027662700581748,0.0006155961997823282,0.004562297195433971,3.8076272295395114e-05,0.0007333169213957148,0.013377823919260982,0.0002213231616892074,0.0007600340750558876,0.0007744756982402602,0.030763263633103898,0.0032091043688185334,0.0005912377846121636,0.0008122385941739521,0.0007242221859104091,0,116.67980010347544,0.8744677983994426,0.047157334939015756,9.254847737274524,18.46186416361983,57.75519494868351,143.23845050371818,169.9354355541229,177.1975845345921,178.70072634381972,179.9984181030378,179.9512607680988,60.86195362490083,0.5216151687860835,32.931180087827016,112.1802406054394,-0.6383183440194166,-1.1594761418378938,0,14.141471448095565,1.8267410479499584,0.0006961022595035539,0.040882704495322914,0.101745419898087,0.4053416425130727,1.3950795725030702,4.517862537318,14.900029052205966,32.36055355420635,6348.183967195899,6348.18327109364,127.13907721762483,8.990512598655119,1.2234173417133856,4.112520894804927,32.236920565127875,1391.699885479912,0,0.00037987411710054973,0.0013414749577337999,-5.123512095493641,-0.005624338021100212,-0.0023916353524318762,-0.00034625226308564996,6.679089853917368e-07,0.0004049912780427521,0.0028553666488476113,0.007497513926612795,2.2033618304869846,7.326873925980626,0.09336511512030124,245.77909080230444,0.00038051387300412084,0.000751243541128402,-30.35917251386119,1999.1417782430174,F
256,8.218099081584642e-05,0.00020821076542510667,0.00012118839375431835,0.00046112516947790805,0.0004019376976943928,0.0003528659286256811,0.00041861861485593504,0.00010656030521151979,7.490763590420441e-05,0.000466560020752321,0.0006354641773506166,0.0001660621117646459,0.00010468332588318728,7.645103461478362e-05,0.00020157431070956652,0,113.90289627834495,0.6848171298670237,0.039866321269079415,7.7285310925456505,16.426504227707017,51.334458269613826,140.7452208646294,168.88540203089315,176.8255386780732,178.5549987632695,179.99851900022114,179.95865267895206,61.81588984294929,0.5427069184605241,35.26853404883728,117.55094376127931,-0.5682640823087842,-1.2653328613212047,0,8.617777745768688,0.9754773334713008,0.0011608481839228437,0.05407573170313246,0.11026912247580671,0.4533615083315514,1.38124549406555,3.853750644749529,10.392567577132416,20.2407992342081,5582.559425355125,5582.558264506942,88.05270306521795,10.217564859856319,1.1505290130958903,3.400389136417978,41.86056022243766,2279.148362397206,0,0.00035894635495391626,0.0005061838180597113,-2.7360840979237246,-0.004437621412390516,-0.0019606996124087333,-0.0003654510813694353,1.2584446373332257e-07,0.00035554532324583854,0.0022548442514015296,0.005132896028069462,1.4700773658668547,4.206161463790579,0.04569132659333225,127.2929114970352,0.00036042564535815173,0.0007209964046152738,-21.687544227689823,1867.8393300555397,F
257,8.052346729297486e-05,5.582239113441919e-05,0.00023376783401037269,2.1232196379253705e-05,0.0001366200439997838,0.0003336435450733748,6.654630459494971e-05,0.00010960690373552361,0.0016193418538431735,0.001270856520352769,0.00015209185987578327,0.00011134486846857723,0.0005340815546615259,0.00037018377092277685,0.0003360039267849205,0,115.0025795297164,0.8151588411982623,0.071555739395064,9.045480749766185,17.715026999396187,56.467565549655205,141.68258251839677,168.76366337496867,176.65783380574646,178.63653916239215,179.9998466531262,179.92829091373116,60.76625078515365,0.5283903285791237,34.0085863965372,112.29609782531347,-0.5971014405261378,-1.2013822105179648,0,6.628180732612116,0.9280816044626661,0.0008069846372189263,0.02879670054401822,0.07566459122487425,0.3564191324021404,1.1526146326988813,3.3029582456886444,8.725646761304521,15.659071224990255,3184.8213973194484,3184.820590334811,69.1841107224764,10.437873303918112,0.9891148387407027,2.946539113286504,34.57578737832421,1373.8772463200694,0,0.00018731542611689144,0.0005025997996070257,-1.6755601786275756,-0.0037758038336346716,-0.0017054063616494775,-0.0003068814153381463,7.850256143331847e-07,0.00031509636318102004,0.0018012642665376686,0.0038594684515166084,1.5269666331404357,3.2025268117680112,0.03746644693516893,200.01794679626943,0.0003118486457293413,0.0006219777785191664,-1.0677114501943552,1312.4877354220014,M
263,0.0009599897370112108,0.00013326870168582023,0.0015213833403886342,0.00020518795625092655,0.0004080299777765533,0.0016815971808021722,0.0013493900624000671,0.002000559513893316,0.00020153871515062746,0.004605445904695406,0.013442940097337163,0.021475237022946004,0.00040863130409394,9.542304919744005e-05,0.005935123878986193,0,118.49372632828624,1.1680087151085015,0.0001466056391799464,9.217174970945942,19.703984859380142,63.76578680386039,146.26765952114252,170.9129498359143,177.47494001988434,179.00263212663765,179.992738099374,179.99259149373484,60.443745683477346,0.5101008091856126,30.724361460680797,107.14716303205392,-0.6746042506077611,-1.094482757225032,0,21.927541655335926,3.0509656604718094,0.0013689790112648348,0.044976593227224214,0.13651141583495466,0.7042494030962517,2.3122390861658744,7.796915618451098,25.242111332259135,57.20380215265764,4088.8108730469344,4088.809504067923,157.88563054809887,7.200334311515419,2.0607418350037223,7.092666215354846,18.662736895095215,403.74429509574713,0,0.00018373957500572355,0.0019207235292867935,-2.958817953799911,-0.01188796039301073,-0.0046465105412264954,-0.0007185681554267454,1.6416383223898998e-06,0.0007990851433751836,0.004844071255696676,0.011565386578888646,2.364392074258569,5.3232100280584795,0.09939628277662069,540.9628425097013,0.000755836240279209,0.001517653298801929,-10.669235636112127,584.2674970159679,M
264,0.002205620266529598,0.00044955193553445174,0.002506158267366576,1.1299170083426655e-05,0.00016312311551797858,0.0025250494585131776,6.916192075495391e-05,0.0005614053951060842,0.000791295022464311,0.002676675816752303,0.00014957074849428095,0.00015550941612509181,0.005043115647589065,0.005528158948506845,0.0028544019324154993,1,116.18972211240687,0.7911383487426961,0.0,9.567967358646962,19.865244159932242,61.64495389166761,138.82017135091365,171.4420542258149,178.50335559979084,179.69915270530745,179.99997038746693,179.99997038746693,60.19413962324148,0.5180676786971494,38.7268747541502,109.79710033414729,-0.5639471454219771,-1.1826998321409667,1,86.13193927576184,5.691896484346521,0.0,0.03435976505874824,0.10797945912716045,0.41645404396363095,1.3350076807059057,8.042939336016655,75.04298885109934,257.9978213840377,6245.502116484248,6245.502116484248,433.14546891673444,5.028860055385108,1.1806335525228984,7.626485292053024,8.155090158743578,79.28605787076806,0,-0.001891896329756254,0.0044535600332209335,-6.474314835220737,-0.05935302564032233,-0.013714470847647793,-0.0005470425613299517,-3.3360592689983124e-07,0.0005199295465110184,0.013308369413419802,0.05459211956895279,8.609724644132333,15.08403947935307,0.33890977361296465,-179.13760298727823,0.0005362618135511042,0.0010669721078409701,1.6066267475076534,158.85784475398145,F
272,0.000722699474968386,0.001966958176771277,9.75993521098125e-05,0.0025666493704505195,0.0005074316482814864,0.00012072136252033947,0.0011053998926087965,0.002646197252082111,0.00023219211061742696,0.00017624881464787715,0.0014911706371411502,0.002366653586393671,0.0013107137017799799,0.0004521166930605459,0.0007239820150944605,0,116.41729150634374,1.556712490200038,0.31926512883326336,8.220317860279323,16.963306050894246,56.68457381539931,145.10912031539021,170.4975529833091,177.60721519340706,179.15556477580105,179.9867161300191,179.66745100118584,61.72124543195504,0.530172490987662,31.653673277739287,113.81297916790979,-0.6263608821290407,-1.1926886752743076,0,16.112822433583993,3.1892194966446765,0.0023933854638153564,0.03958171175444893,0.1272711054936111,0.5334386840922168,1.6000377422726473,4.381762124104021,12.377680030516775,27.499075708403044,2372.3244140715574,2372.3220206860938,126.44762634588218,7.847639782979741,1.341205730848853,3.8483234400118045,14.753058199181496,238.84404837677658,0,0.0036501657202208347,0.0016972493875352134,-0.506702680842921,-0.004994532917852591,-0.002214975034892504,-0.00037867874371503923,1.4428833014772455e-06,0.00044960196878539326,0.0026120884399882032,0.007494369585727969,1.6171613452244298,2.1238640260673507,0.06729331631034519,18.43568798467428,0.00041598132458343527,0.0008282807125004325,14.625614086976725,304.97211979513224,F
273,0.0014360058969248098,0.00046315641132791405,0.0022164210949159675,0.0005672627051645699,0.0004087592945587507,0.003606009074100908,0.000680176047628966,0.00020637945683620338,0.00026720825877302754,0.0071575723718705535,0.0009584878779314999,0.0010246380033849985,0.0007101223227102666,9.894619358602401e-05,0.00014721784320921767,0,116.6510269973728,1.3051398846568947,0.02857407376798553,8.828761816061437,17.963546995397273,58.98140016084494,144.78740108488213,170.29232962756606,177.4050584541085,178.90089765063928,179.99825004121115,179.96967596744315,61.313799356902706,0.5256173128958702,31.671727919542803,111.31092946672112,-0.6375140272371622,-1.171081938903059,0,10.668989023770497,1.4621503849697381,0.0019537564309220963,0.02614724392512239,0.08181343231117166,0.46323191327368163,1.5149476236418644,4.183399220598478,13.685095020720631,26.98865367185166,2008.6307169897143,2008.6287632332833,68.68995146617594,6.438281201071142,1.29416124794063,3.7201673073247963,18.34280003663246,432.7854059864963,0,0.00011982353883392238,0.0006901871740612874,-0.4866323120273189,-0.005861293782981679,-0.0023393073515433484,-0.0003637769800647811,4.37406342587495e-07,0.0003973248142513759,0.0024836851506167194,0.006091548964608172,0.896803602703027,1.3834359147303459,0.03242410902201977,270.59882672101827,0.0003839577894983943,0.000761101794316157,7.573351522251336,346.79787202638653,F
274,0.0040145153601570055,0.0005933364768965139,0.007866495612351879,0.0009298388094687708,0.0012967239722870218,0.011439821159132833,0.0014915324335042386,0.0008914371606588981,0.0009442221424698888,0.012249362855785309,0.0015983493019373525,0.00012162533999180756,0.004320916655111203,0.0018795816824051887,0.027685416698655957,0,116.92943597430984,1.5427004346854458,0.06091038693924383,8.009552163424644,17.24398121601841,54.880077585577716,147.26338381730943,169.946626885007,177.76976160210495,179.14764474191682,179.9906011727088,179.92969078576957,62.111656129430436,0.5311892220456513,30.205900033599306,115.06654929942928,-0.6535798775014909,-1.1801705276242593,0,21.999731283494427,3.889997738029038,0.0020107269280055387,0.043734316818205825,0.14274459064235284,0.5638441793069849,2.084895627242124,6.6096002105598055,24.611112029519735,52.69737467892761,3444.944428755733,3444.942418028805,156.6177051722855,7.119073553856992,1.8306334327773433,6.045756031252821,17.20000414886803,339.5986645932754,0,0.00023137063163712463,0.0015245133344360265,-1.217337446893467,-0.010383328395004544,-0.0037844959142436852,-0.0005722998209585763,-1.1634567960351433e-06,0.0006225562678226354,0.00438626691787207,0.011505792033714584,0.7710934186812444,1.9884308655747114,0.06137941356873281,265.2861045259997,0.0006049205607854501,0.0011948560887812118,-5.264315436952046,199.7235682358019,M
275,0.0005914595048395562,0.0005633736610906339,0.0013574678026687242,0.00232462453170484,0.00010070301960422803,0.0005724891117270098,0.002346712534021266,0.0013723838879769377,0.001210455959206157,0.0011814254612556184,0.00437082816594181,0.0017425054859059107,0.001236070497996154,0.0018067536859180632,0.002125614584622934,0,115.54230587650135,1.3017360563116984,0.12504758089599147,9.251130506573467,19.116994553905176,56.68651985773285,141.30603494482565,168.87151608811752,176.67953224711582,178.63254766478298,179.97868330316706,179.85363572227106,60.218484429999876,0.5211812588746936,34.4209694402321,112.18499623038467,-0.6043602353169406,-1.1854608260877273,0,4.9189698206213555,0.41712886973782964,0.0017561763103538998,0.029684953564474263,0.08502562915519159,0.4266308830156192,1.3153186702734236,3.784445083533992,10.05118345253539,18.801457062618667,695.0595931323608,695.0578369560504,19.29643741971934,3.9228615184473417,1.121051281745665,3.357814200518373,23.365144557241177,775.583295194541,0,-0.0001284149989014494,0.00017816607859807822,-0.11264654976903815,-0.00497584152251345,-0.0020131749084831307,-0.00036844050455839245,-2.101732750891285e-06,0.00033235281558679456,0.0019008419582519274,0.004334219210104641,0.1939818105788483,0.30662836034788643,0.00824198667463467,-64.18242997424224,0.00035016963411422164,0.000700793320145187,5.932143124590674,207.93264064176236,M
276,0.0002135320103781276,0.0009953330639386469,2.7541470830148848e-05,0.001446402065266585,0.0003058354579483345,0.0002650589886211284,0.0038827713173543925,0.00036620802571373103,7.929371735515274e-05,0.0009936309050844287,0.005639487327437677,0.00022311913454453405,0.00015383593586749708,5.186383979527345e-05,0.0056794984329660465,0,114.37085726802279,1.2647167083606217,0.19690143294150753,7.387140127499067,17.316435185705487,54.419873722507745,139.48625278802197,168.99545175965054,176.98673953873893,178.8211198768491,179.99936234424703,179.80246091130553,61.126520522778364,0.5344588821217909,36.36524860352212,114.57557803714279,-0.5851307150037799,-1.2020716295591283,0,31.047162125303345,5.1694056467506915,0.001440513372015887,0.03837023003553116,0.12680579177122203,0.5783262907209619,1.7990909525448333,5.073481772544343,16.650076126482972,43.45407805699734,5225.73889011318,5225.737449599808,249.84866434339196,8.047391363340292,1.4830489449827406,4.495155481823382,14.398452250706727,239.08830653028545,0,0.0011515671549508072,0.0025746793686616354,-2.738892465031299,-0.007935584652290537,-0.002978859603350319,-0.0004442325267833765,2.177478271979386e-06,0.000491489889703801,0.002876233333444979,0.008168794813403248,2.6146819983144964,5.353574463345796,0.12443987671521596,108.06132858185921,0.0004703093478216283,0.0009357224164871775,-0.43689317949801465,266.75846373962776,F
277,2.9377315973084567e-05,0.0009163033946409792,0.0011552496144419603,0.0003187357609410276,0.0002490484664588468,0.0009864033693977225,0.0004231283328559971,0.00017416587418669864,0.00019528878089370024,0.0002452623770565886,0.0004014165489787698,0.00015180205755336253,0.0009990910952577534,0.0018566424675417507,0.0002813783256427369,0,118.14997621699554,1.272124694695997,0.043296767568974284,10.736242762698886,20.07897039650286,58.45005269080597,146.57586773332307,170.29608877110445,177.20182330517204,179.0747437470839,179.99688047080318,179.95358370323422,60.636461099568066,0.513216024590665,29.878716307468395,111.84603608029849,-0.6664813458799793,-1.1347044796056314,0,13.188623262322846,3.01817555636157,0.0008559533407923901,0.026511639106104313,0.07453138497438783,0.4397002146760866,1.4501313064384662,4.7282434720296544,13.615503384695959,28.523108663767097,4643.410387980486,4643.409532027145,143.86285045643288,10.908102202556588,1.3012893125748928,4.288543257353568,28.599754213085184,888.4645252899235,0,-0.00046269853648770484,0.0028137714238801355,-3.4252857094953484,-0.006690398373939426,-0.002456806465638557,-0.0003882839090458024,-2.3663331795691883e-07,0.00039816361248195956,0.002694990108118005,0.006733045814931524,4.675545985697694,8.100831695193042,0.1341198250443184,-289.8643813797374,0.0003916732850146923,0.000786447521527762,9.008071727430918,874.8745704271944,F
278,3.111874999188907e-05,4.9026430566850505e-05,0.000433519876259847,1.4984513379861103e-05,0.00037725691236591716,0.0005423541561863205,0.00264892443000913,0.0011258283535019449,0.0007708692717071691,0.00046722326087304827,0.0003271374093204984,0.00025513043423077206,0.0025896156192076213,0.0005984158455201823,0.0006395233937321743,0,115.64851806332177,0.831879247224928,0.024618031659664488,8.662512552844449,18.074756221067474,59.203562271735855,140.9296021939199,168.77594585611055,176.71593017301888,178.76729737660338,179.996149865072,179.97153183341234,60.27537789436449,0.5211945548784424,34.53601261720229,109.5723835843747,-0.617342092619155,-1.1549650442690629,0,8.567932542169613,0.8329027751976462,0.0009536825103351781,0.03175839234884826,0.07246513172562287,0.34295355037405795,1.1410405016369054,3.567468292295501,10.804253450409051,23.042299378385117,2061.085961256522,2061.0850075740113,60.3495395416791,7.043652508309443,0.9918716078433454,3.224514741921443,21.612038696735198,584.5730645178938,0,7.292050517140425e-06,0.0005359151763887514,-1.0802317455519383,-0.005120915672877492,-0.0018535642643320415,-0.0003203833063505447,3.670495396375849e-08,0.0002881517895912788,0.0018763902413858134,0.004887821055263798,1.443703786764151,2.5239355323160892,0.03883074362524982,5325.078801082865,0.00030210255727291906,0.0006085350959418235,13.797579684109209,875.7505632869317,M
283,0.00026005302973685805,8.630142212917957e-05,0.00038889160392784907,0.0005527227439061374,0.0002833806913587103,0.000266658862169746,0.0010196722422497794,0.0010252927967239847,0.00043290626429220275,0.0016931293256472752,0.0010072910679603385,0.0006892854525297912,0.0004830130634582223,0.0010025735522259242,0.001991994367251992,0,114.52342575203625,1.1775249709807034,0.12052129851076948,6.965068566455311,16.936581642610463,58.31453335079756,138.8999147241532,168.70998949230835,176.68541501728885,178.6436905404392,179.98413206382327,179.8636107653125,60.571042104054136,0.5288965266826833,36.44397308879644,110.39545614151079,-0.5921542667965123,-1.1731018354926315,0,9.021930498933864,1.219057628269723,0.000804726942925313,0.03921845694247656,0.09813844102511535,0.3920494342204427,1.114992606518444,3.3806772307256194,9.483787241788065,19.218371148538882,1549.4171266005947,1549.4163218736517,62.70745228247377,6.950558119449491,0.9477193520155245,2.9886277965051766,16.144538076446686,308.8052637824068,0,-0.00032888824897547684,0.0006078670611279625,-0.6165940729485735,-0.0037402524394185596,-0.0017760393206839023,-0.0003057662938490848,-1.4386299392367053e-07,0.0003113539567074886,0.001949789346599087,0.004950131800901848,0.4052726210979171,1.0218666940464907,0.031268246755382686,-95.07255687239274,0.000307312809321058,0.0006171202505565734,-8.637328905545731,213.25755496791984,M
301,5.533983264242293e-05,0.003635254690704279,0.0035491928628870826,0.0012171874630292209,0.0006415617466357766,0.0006914922407864081,0.0004627346459135299,0.006107925571309571,0.005452002471912147,0.006577577848534825,0.0010052348128124558,0.0009986109405428027,0.00024636794222254087,0.0003628906006478503,0.0006015705554015908,0,116.18878428809714,1.203199333868827,0.0858285239422927,8.646874749065043,18.50964345469609,56.237950412120895,143.05047430963512,170.11567163061164,177.59131825272604,179.08570277140612,179.99624309811705,179.91041457417475,60.99639167317637,0.5249765891510846,33.94216672475372,113.87772121849075,-0.6085563162337496,-1.1876120383344102,0,17.416089160072634,1.9882459586687589,0.0008057511388973837,0.048560851080494884,0.15678401740007378,0.6505596893859971,1.966197665339886,6.6080212599402905,21.516295911724246,45.52477860158294,2288.235514556253,2288.2347088051138,100.79446175191381,5.787433724385771,1.6753773871152304,5.957461570554294,12.882222897044457,199.74086437570466,0,0.0002893126871767433,0.001035874264364712,-0.9194609544426368,-0.009216645383225083,-0.0037940441828416003,-0.0005472423379495727,2.3192048526075886e-06,0.0006053239462510052,0.004016860020321096,0.010133701886181129,0.7207849712664322,1.640245925709069,0.05251381926067607,181.51232762424615,0.0005787928380757633,0.0011525662842005778,-3.155993658556054,164.00044070536276,M
318,5.844943410650948e-05,0.00014816385679700589,0.0001655130450155779,0.0003486932786345179,0.00014040281298251982,0.00028674078833807923,0.0005803281166754032,0.0003659630600776108,6.67247188527463e-05,0.0010143464379612265,0.001797978364212165,0.0015679374047161152,0.0002085941685462599,0.00017886688029216562,0.0006062607296194912,0,113.14077947162065,1.3043314998188946,0.029020394825471606,8.551798060323824,18.360500894954466,51.42193562467563,138.33512869442185,168.22113183807778,177.03140627576028,178.79894567582716,179.9906780471859,179.96165765236043,61.10900957973772,0.5401148009154898,37.618703135462795,116.79919621340215,-0.5291607174890026,-1.2852177258579032,0,11.808205840530613,1.7623540726870668,0.0019479803433613272,0.03628346903329856,0.08157538865440023,0.3491634584786429,1.2892390159314322,4.4398459978222995,13.13730207064655,30.99922109654763,2263.6632487786214,2263.6613007982783,82.567745949306,6.992404016696557,1.1391332296130103,4.090682539343657,18.31901417553417,397.39047560850014,0,0.0007526474816372832,0.0009404157088856187,-0.966080746262693,-0.005289693580822969,-0.002149340440384695,-0.00032176264537508547,1.7385662762026436e-06,0.0003926324664349621,0.0025373719018285464,0.007528606120723398,1.0959747202362164,2.0620554664989097,0.04405925377958478,58.539030362182054,0.00036174415853532874,0.0007143951118100476,2.333300533432937,329.9470676590272,F
323,0.0004451865903524365,0.0003335218478772443,0.0008412118856524406,0.0004377886102793235,0.0002399849434094593,0.0009264765999309431,0.0005954959676721136,0.0003300657747633278,0.0001909948563265518,0.0009918112860138263,0.00046506245701249114,0.0003063559694117349,0.0003002060283541652,0.0008779292855447824,0.001042862287305549,0,111.47875749262855,0.9120601462573118,0.022577311536242723,7.576940242616611,15.802353567468778,48.08860375135632,136.69463463483777,166.86862866932233,175.99853859764391,178.20493032305825,179.99814920422727,179.97557189269102,61.47447768225363,0.5514456661065548,38.29090397240407,118.78002491796602,-0.5076669375931973,-1.31482286019356,0,5.304854511409808,0.8923046713546692,0.0013337292457696387,0.028046243782132486,0.07252188434790391,0.3669641234193711,1.2291402233502504,3.6350719562691705,9.487500003336242,16.545136436177987,3957.540115545399,3957.5387818161535,60.142923501327715,11.337337031952693,1.0675555135080488,3.2681078328497994,62.58374872133036,4102.233955011595,0,-0.0004648859813040997,0.0002750002759526097,-1.1190637816935463,-0.004380373713837191,-0.0019736228236087875,-0.0003529717632794956,-4.142075998072237e-07,0.00030412470748449754,0.0017545918232943051,0.003831639988781113,0.18327680574188274,1.302340587435429,0.01853550820747395,-39.87108442263215,0.000330164981079477,0.0006570964707639931,-48.89102544812511,2929.663601523464,F
327,7.306058564325872e-05,5.362583779723813e-05,0.001194414715694005,0.0009624836252380172,3.1386429688360035e-05,0.001035669834747627,0.0006229628329916638,0.3188380328291741,0.8151409233458771,0.0010349792113530372,0.00039162320889590314,0.0009252561179626058,3.572199939855825e-05,0.0013267369631391197,0.003936783787873629,0,115.85819943030126,1.1794310288296432,0.0255987867399871,9.237777003921487,20.022739110444068,61.41098213650172,139.67381539203836,168.17980723531426,176.51801150819972,178.54266314990676,179.98516096495177,179.9595621782118,59.3594876883524,0.5123460228126735,35.21146006789897,106.76882509881253,-0.6197561303597382,-1.1286912407819802,0,6.67750047857025,2.0959046139814332,0.0006308762293114833,0.025215405176247017,0.056289581881789424,0.25633440982539485,0.8632324004077176,2.6366528223948014,7.505019855508533,12.922365604211743,4435.512952362738,4435.512321486509,105.48461172252395,15.797020466123536,0.7579931086387124,2.3803184125694066,36.6755038067522,1420.361963326826,0,0.0007086046401002617,0.000783033298154978,-0.5686340463843638,-0.004008621180315738,-0.0015010414295877187,-0.00023977060355249644,-1.857998370424273e-07,0.00021220098727972212,0.001308665209892574,0.0030468357591918634,1.439207224572307,2.007841270956671,0.03940921875484591,55.61524230108038,0.0002255979967569754,0.00045197159083221856,28.94588347035157,1049.1532470049506,M
333,0.0079719389119117,6.991005184978967e-05,0.036782910264817996,6.671462598173146e-05,5.746480209061228e-05,0.06604486932704456,0.0003959426376513264,0.00016233192662622086,0.00034048926496229627,0.08297868990805478,0.00017433421964756557,0.0004548126668397353,6.749983586964378e-05,0.0061927604387761225,0.09226958919097393,0,113.1488105683252,0.6559339642912598,0.0034042680095414377,7.699034980648866,16.81766782712747,53.59063851466378,137.92501492528157,167.8174573477877,176.36741573691177,178.3867473460366,179.99836254405378,179.99495827604423,60.998332050457016,0.5390983055329867,37.243035190984706,114.22681883312391,-0.5542058439106039,-1.246492753369665,2,6.317033964568309,0.566530912455072,0.0,0.0403901951842786,0.0892147651296012,0.3692255348895086,1.0726034576685137,3.2388815957433486,8.744450028325241,16.545365373638774,2663.260774404051,2663.260774404051,52.69651166145261,8.341970607886982,0.9108172104612537,2.86965606085384,33.11519150585809,1355.2569936289979,0,-0.00014926781003302725,0.0003768698134882172,-1.3854923517138702,-0.004089119434700231,-0.0017824657377826425,-0.00031262987730441534,-1.6965868945165017e-06,0.0002690165122770305,0.0016471098924674583,0.003740350357682617,2.5269856065666456,3.912477958280516,0.035054970672771996,-234.84615112270805,0.000291428902920505,0.0005816463895814458,33.5937636310564,3454.188783246723,M
334,0.0029099133590459996,0.0005271776119832218,0.005066007221797834,0.00042269568215290453,0.0024384393751600794,0.01422294056548554,0.0010146737417372524,0.0002955254674981198,0.005730007584090379,0.012172119265580041,0.0017500591737710175,0.00025696743215799166,0.006836908419431452,0.0016514323928280303,0.0004385059053809805,0,115.98485494609312,1.2458636035202069,0.04154208696482212,6.951540101863935,15.743938516498485,55.34447330163628,144.7193332738059,169.9219125413881,177.5659313143652,179.02469553435583,179.99873151616663,179.9571894292018,61.90575770285847,0.5337400105525048,31.923604520508036,114.57743923975184,-0.6352145561535569,-1.1817046562058047,0,28.206186161122176,3.5124302186313474,0.003605033149456372,0.08288401096376168,0.19567695302790566,0.7626169050398933,2.363607722419005,7.994960233326069,28.288473366967786,79.42607778510681,3866.821556606857,3866.8179515737074,174.52926102697865,6.187623524499742,2.054419703953237,7.232343328286176,13.6796901198319,233.14797561842448,0,-2.144133893235385e-05,0.0021897843532848933,-2.1728777657187384,-0.013733749320699665,-0.004326559167521367,-0.0007062521268879729,5.013359061157016e-08,0.0007759518755738356,0.00527887411106398,0.015420231589846956,1.8208259825748776,3.993703748293616,0.1088082669827882,-5074.695536788622,0.0007480825535223138,0.0014822040024618085,-2.9453450931893146,183.63442617810233,M
335,0.00030181364755324286,0.0007934358849141638,0.00011875715985172119,0.00151926324850591,0.0005480299654732694,0.0008901421451865682,0.0027984389047685976,0.0009147519175550921,0.00014300772372826824,0.00043573670788744895,0.0004278916455653698,0.002314079424691776,0.0004750491853448612,0.0008306591137529881,0.0009811037763671673,0,114.29246575980135,1.1058373540635784,0.051600855353703644,8.189746433057943,17.703741942734286,54.756104113751135,138.80228530200574,168.56796123898602,176.41266556622165,178.07375845460905,180.0,179.9483991446463,60.69022389125547,0.5310080895341159,36.26577429552565,113.81185712523488,-0.5840602542928335,-1.2077534474524587,3,3.4694793388374197,0.14883186580397004,0.0,0.03531119002473634,0.08057436530097443,0.38766929323716487,1.1683855580339408,3.1470480952934783,7.578581077080433,13.565794260360772,137.38509412605956,137.38509412605956,8.176276014977068,2.3566291124583665,0.9804505253183207,2.7593788020563133,7.199537472248056,72.67666112343326,0,-0.00014179170322141477,9.259899869576179e-05,-0.08547290971132142,-0.0037571666407524343,-0.0016574815425494714,-0.0003141993906056732,-1.9287684324099444e-06,0.00027631632412330895,0.001616061613182647,0.003358049906969941,0.06686887459438828,0.15234178430570972,0.00508704885178463,-35.87691477152899,0.0002963159008863633,0.0005905157147289822,-3.4264249563453206,94.18832819745847,F
338,0.0003710860691862877,0.002548172759416096,0.0006796237035159566,0.0021319750395174396,0.0003348017264932895,0.0003747567448299861,0.0008512074379112573,0.005420094883525547,0.0010849917031945417,0.00021722062250258787,0.003596393849784672,0.0026995013986776035,0.0016299167602434519,0.0012355919850975626,0.0013982244051751454,0,115.04649574444151,1.1611530411443498,0.04115881578549304,8.413991660360315,18.33406377387445,53.27677338550359,142.32650157383983,168.72485706113014,176.65456102466575,178.61354201876227,179.98565692681285,179.94449811102737,61.1675319778442,0.5316766198052539,33.26327423173356,115.44808367562655,-0.6023476419327523,-1.2135272853977497,0,14.976098388252085,2.0867251225100714,0.004235802732377267,0.08372247095928477,0.209687985961303,0.9971480723671584,3.256753810738513,9.500123368456716,24.440040761565644,42.11076201206859,3573.1441540083238,3573.1399182055916,109.92506684072663,7.340033698426869,2.8225057017666924,8.502975296089557,22.6968635198776,588.2728937484842,0,-0.000643169217006296,0.0014513587413780104,-2.046450462408349,-0.011851961939585605,-0.005579805435596648,-0.0009192487903698241,-2.7419704098743026e-06,0.0007682020677096154,0.0051059798491715006,0.01163516799849972,1.8785480643062922,3.9249985267146412,0.07645506585167432,-118.87239598863745,0.0008550143811978304,0.0016874508580794396,-2.2500153314270706,501.54488069217996,F
339,2.570483116686294e-05,0.00015661379455181638,9.648385719786651e-05,0.00016991435037405398,9.897271594990989e-05,6.676762646857044e-05,0.0003277265116915592,0.0004037601560630133,0.00026067320911419975,0.0001243488420239923,0.002334731423541853,0.0014120437181336597,0.001789629780530401,0.001001323414378403,0.0005224370117013126,0,114.37841365007445,0.7905992133951257,0.0010932644049262594,8.313863043249226,17.870349222090617,55.20743342730603,139.960765625916,168.16896731684534,176.3597854539305,178.467911364618,179.998263328493,179.9971700640881,60.732224006865344,0.5309762748823175,35.121329000880365,112.96153388953931,-0.586249484699612,-1.2115596885065274,0,3.809473009228555,0.17412461714009977,0.0004613484461392226,0.03542101152599528,0.09187669952038323,0.4535208115750158,1.3505101918702829,3.5265393964816543,8.20858342274236,14.264148329511276,780.5385537215786,780.5380923731325,13.375899032139616,3.5112203183317288,1.1245174029598306,3.0730185849066385,36.18544242583554,1964.6546164821548,0,-0.00024835694346366275,7.938698393385326e-05,-0.22585548339038175,-0.004168670459505181,-0.0019026233295843682,-0.0003548554649672802,-1.4074093597123973e-06,0.0003302773543808586,0.001654528270474008,0.0035410895691660787,0.06719800122494558,0.2930534846153273,0.006098346684150548,-24.554766213100866,0.0003445853199811388,0.0006851328193481388,-11.544853831698557,370.8801906324282,M
340,2.5806425726646427e-05,0.00012541084514975165,8.335172428852198e-06,0.0004836676844992921,5.009452164732424e-05,5.448865259519642e-05,0.00021950343358236735,0.0003608591659451181,0.0005659528134063928,0.00496554489803257,0.0013727895351264765,0.00017609704443833588,0.0008045007511043005,4.55787011956233e-06,0.0001599300456920438,0,114.81517874440513,0.7775889016534362,0.05491288060803653,8.84786045651556,17.05020173431574,52.44371962069594,141.35772196393998,169.8615500543483,177.29661829101232,178.96446009150122,179.9984298002388,179.94351691963075,61.37536341922336,0.5345579224838697,35.15959952678754,117.41783043365237,-0.573043814437428,-1.2440566568490774,0,53.03740812754992,6.248348049179736,0.0006004166931126841,0.03709037115368917,0.09277689011908864,0.4217455121094401,1.5848248383362686,5.180316731167854,14.810506591953702,29.530610416756254,9253.23317554082,9253.232575124126,493.1842924619331,9.298800787471965,1.4153483912230573,4.758571219058414,12.215147769905258,164.20998384872243,0,0.005201028198425619,0.00405356420066406,-5.896700108769361,-0.008788808603458506,-0.0031813238461509733,-0.00048451028943891127,-1.2293679955316403e-06,0.00039645350171008174,0.0028940294187098344,0.007232303937647362,7.800548249630726,13.697248358400087,0.3199492372253445,61.516535773098674,0.00043489171831455234,0.000880963791148993,5.178426053375139,202.85282894689132,M
341,7.11642715664132e-05,8.161593339109346e-05,0.00014475074960109536,0.0006120672032215559,4.4769541970791526e-05,0.0001405054730937652,0.0009881996112429904,0.00037321868285047964,0.0031991589567101427,0.0007750668143747409,0.0008818665565124433,5.928499787115112e-05,0.003420811975000976,0.004728468878850896,0.0007151349385962295,0,115.62968189573073,1.2369398952259087,0.2125962138544728,9.741740587499356,18.768646339331646,59.6976734703125,141.10201277092162,168.8005688953171,176.34817326865655,178.44632392830388,179.9963244547731,179.7837282409186,60.05212616947291,0.5193487103391413,34.05115799089799,109.10289542500459,-0.606837544001417,-1.1664030478871246,2,7.107479734296031,1.0435650331821926,0.0,0.032388234332355326,0.08237570639942407,0.47566506596498875,1.6377793280210586,4.738143628909466,12.164590618715959,22.162930488547655,2161.254582183686,2161.254582183686,50.70695275001822,7.134308453296005,1.422778360296949,4.2624785629444775,34.54572477074978,1402.9639951134511,0,-2.5318907952853527e-05,0.0002786445427882369,-0.26455113528567675,-0.005684862754890738,-0.0026050192204003656,-0.0004761912166664554,-1.314904133606579e-06,0.0003950211984496388,0.0022160369224985604,0.004785938135752567,0.29594749735837506,0.5604986326440518,0.013539372454947697,-534.7534135421415,0.0004298315508894558,0.0008712124151160942,5.074014815790832,254.62563483200938,F
342,0.0027049294192578264,0.006084664624889823,0.0004923028819571378,0.007260254452682348,0.002118026940699653,0.000710700842684589,0.01209028917113373,0.00016044717282007493,0.0012384791697274715,0.001768871339943822,0.01358587379622313,0.005713192328776688,0.0027012360076964967,0.0018953522970893576,0.0015874296711302456,0,118.79963859685246,1.7456255175263893,0.21273202414117862,10.109419632987722,19.579350724015818,58.97786040847909,148.25203775950848,170.28769957044338,177.30044236304897,178.7459527549638,179.9970674170229,179.7843353928817,60.922080471541975,0.5128136852190397,27.934529078217864,111.30983916196429,-0.7037760331782843,-1.107728116610229,0,4.627727293249396,0.3846054300479036,0.0012824150770149902,0.023509873635780203,0.08172842962020783,0.6012660730178632,1.807360195882465,4.369479463918912,10.303981072009613,15.674199346804023,336.2573110381457,336.2560286230687,13.422674407494261,2.9004894966637984,1.4576049571312177,3.768213390901049,14.92769560026164,321.7482706134697,0,-0.00032992634348732243,0.00022449959254214224,-0.13053057018202122,-0.005066332885285674,-0.0023703838153459533,-0.0004326025117993107,-3.88881006988282e-06,0.00041496273341985485,0.002322612511074623,0.004700305980330094,0.04880450642065897,0.1793350766026802,0.00783500361638934,-23.747735732689087,0.0004258657702844741,0.0008475652452191655,-7.998498453072426,117.37839574074162,F
343,0.00021203578242376042,0.0002178156274508726,0.0004298729067530109,0.0016657984590748975,0.0017659637037479405,0.0004219874600395944,0.0003517747821345164,0.000308102097785728,0.001228467092210339,7.555971238450932e-05,0.00013773451575180992,0.0003013969316840809,0.0011594329657727352,0.0005806462734178545,0.0005952744557062619,0,113.46676121955086,0.8212839743420364,0.05687879754022881,8.49327204697816,17.146674997056312,54.14557092190226,138.40192112344565,167.7661749316904,176.1876496694612,178.21184956835353,179.9980556747115,179.94117687717127,60.59717900435761,0.5340522488969786,36.63296831866464,113.62060400978812,-0.5587283946022507,-1.2313751731874303,0,3.4867799779427044,0.27102157489533224,0.0006200049134004444,0.035567828082835755,0.07876334042052716,0.35593197519584807,1.1548378112691695,3.18155273558716,7.47564696279029,12.983347106509381,1388.756921807282,1388.7563018023686,19.996911422912643,5.735065461374872,0.995169567863052,2.825620760391312,61.32385685053363,4228.195252043977,0,-0.00012066928540831762,9.128626461023849e-05,-0.3960184577311404,-0.003687799410685138,-0.0015155885048224872,-0.0002914867922726072,-6.054206096696886e-07,0.0002760886441534235,0.0014965357197585245,0.003161307351250515,0.08057567074347803,0.47659412847461846,0.006735417090851476,-55.81716232146685,0.0002823445644069357,0.0005675754364260307,-36.946564659256495,2199.49630625165,F
346,8.094139683876283e-05,0.0014243839569257353,0.001448894790224652,0.0009569406447896851,0.0020489674551590143,0.0037963156655452988,0.00033525677071864475,0.002700202772972901,0.0029901421713754545,0.0009557019139577962,0.0006204980866113127,0.000465091456625329,0.00414682471049014,0.0022224991399943475,0.00829873605193585,0,114.49150732040295,1.2576713002541295,0.02313640599033552,8.461308682978236,17.05931323662927,56.79204094596013,139.68669365937023,168.4519015087445,176.47276739820276,178.41925188030416,179.99468830731337,179.97155190132304,60.64271395887368,0.5296699762119985,35.729629020666636,111.65986056278436,-0.5859527626174084,-1.1999705976847777,0,7.316068099245898,1.6386397389284058,0.0006937839212392787,0.030407521947694277,0.10064723060782145,0.395735639137283,1.3790545754665944,4.126198673769704,12.048950123186026,22.519147134226827,3575.242949215921,3575.2422554319996,79.01234682655108,10.799837529491457,1.2001216682048388,3.730463034632421,40.66441293728042,1796.670553059278,0,-0.0003224045827091139,0.0011547993887713384,-2.038968047340889,-0.006005781852637516,-0.0026165154913497966,-0.0004409088919271131,-1.805845052489936e-06,0.00033683967953941694,0.0020749653911175166,0.005247984643282873,1.5900399525976594,3.6290079999385485,0.05568241002159459,-172.70973493523027,0.00039769822222365965,0.0007777485714665301,-11.238587914796781,1059.6075588405079,M
347,7.146377353233465e-05,7.29930882701173e-05,0.00030985365547249054,5.9961411851105754e-05,0.00010236466018170329,0.0002182107033600858,2.406927401251662e-05,0.0004349259851009292,0.0007498384720780205,0.002433409494440393,0.0005871061442424766,1.2107739134801822e-05,0.0008669294465589935,0.00028657979692355955,0.0007555149842108841,0,115.02562279713615,0.7746848654987841,0.005319208046078063,8.682399279174195,18.29379711505505,58.275931584557696,139.93306529026708,168.38392699850695,176.51698017049588,178.41669499538602,180.0,179.99468079195393,60.17162416076785,0.5231149608021594,35.3942409182863,110.10799541394925,-0.594774576190402,-1.1784580764177597,0,5.287961225645409,0.44153920447258527,0.0015789224852240185,0.035190008967846714,0.08542835485561223,0.43107380117045235,1.4481045061341231,4.127138701860662,10.123114146345118,16.564294518969362,2000.5572573852482,2000.5556784627631,34.29540481168794,6.485562837594766,1.2690370779107145,3.6960649006902093,40.34222010243646,2079.659832629327,0,-0.00012165304433013724,0.0002060830007964694,-0.4263285214905026,-0.0050085009044188444,-0.00230333964572947,-0.00038113548339585465,-1.960024733918194e-07,0.0003534126233452171,0.002082597485083639,0.004441644933139603,0.8132979858917162,1.2396265073822188,0.016006958986948015,-131.57877860835902,0.00036912503487962495,0.0007345481067410717,19.136622016964882,1287.817190458665,F
348,0.03432146871040583,0.0042139885192880346,0.052121967495797714,0.0007556393564805106,0.020156877302570833,0.09335395503154406,0.00047115183550593235,0.008329362008056949,0.03685152976034219,0.12482536817219043,0.0018255209218179943,0.0006807614313805538,0.03059666782544982,0.1863627399878177,0.26949112860526414,0,112.74527892467299,1.1581161128885835,0.02235932751629419,8.2558742263865,16.140164411803873,50.7147751498579,139.95504964507393,168.00127988441267,175.93925413933226,178.04859864504482,179.96649475397555,179.94413542645927,61.565609416412755,0.546059311783208,35.59787883915935,117.28650473455477,-0.5355167179627023,-1.2938750141736568,0,3.076751672831083,0.28390489108212685,0.0014353394875842827,0.03285955929603329,0.07576383619829008,0.3105993460933986,0.9470139210210262,2.4080799125432293,5.78958468738842,9.683310048608138,545.8604339090788,545.8589985695912,15.092422462006597,4.905310557000284,0.7905499965452364,2.0974805664498306,24.521864943185673,752.2232575087643,0,-0.00029162788125045735,0.00018431862845155782,-0.427607252978251,-0.003034740900159272,-0.0013694144070391912,-0.00026951330495077777,-6.563577248269016e-07,0.00021151540632834842,0.001136898123985122,0.0023032850550116953,0.19038054249769884,0.6179877954759498,0.009798403252601335,-33.59899338357919,0.0002444941826524061,0.0004810287112791262,-27.461096205125028,1334.6416441317815,F
349,0.00016338550752958603,0.00030958911265733066,0.00011003750592194186,0.006539698154192397,0.0019099046491605487,0.0003306477757483137,0.0010146627705824843,0.00022487273239132848,0.00023643792544551334,0.0016927624605727156,0.0022478215752026113,0.0010353098773400477,0.0002967468436722796,0.0003125775971961085,0.0010871096591736889,0,115.29925045510248,1.2538480990970466,0.040369920991758956,8.82826673378647,17.06089234036729,57.18064529825545,141.21736719743734,169.01227588220922,176.51816959747381,178.4227790191405,180.0,179.95963007900824,60.717845032607634,0.5266109258555082,34.46374526765368,111.83163058395377,-0.603729999248044,-1.188591980876323,3,13.376361862782009,2.7805858963956727,0.0,0.04597542405951799,0.13309986690121928,0.5774876966844913,1.8990920323037606,5.903219386273745,16.27710187420991,31.980449446181645,5251.057755913792,5251.057755913792,134.82257892107083,10.079166540507337,1.682253182369293,5.325731689589254,29.214134935313094,1023.6782220689097,0,0.001596298951007614,0.0015903783897687064,-0.825613056798519,-0.008443776991229016,-0.0031065279970157495,-0.0005214637096520632,-4.190531673656813e-07,0.0005106833938069524,0.0029652389151276263,0.006891474156251439,2.55137099912646,3.376984055924979,0.07711285461344565,48.3072763812634,0.0005139708880667035,0.0010321471034590156,26.107189127374845,861.6972639313084,F
350,2.0550403793078904e-05,6.383656339430566e-06,0.00013763136116905184,2.809517125150445e-05,3.7318473021051565e-05,0.00017170775624139817,0.00048034774223684393,0.000462707510152828,0.00019701370787508462,0.00013852700561515433,0.00036280549375605265,1.591005393912344e-05,0.0003296719485749773,0.00017892641290523118,0.00012385722144512025,0,112.97772455581769,0.8004930666642812,0.054119097233727875,8.411582202744704,17.721368820409467,52.51836780621176,137.61093111366773,168.3857985566665,176.21506931122622,178.1493084785357,179.99726324485715,179.94314414762343,61.121197167622,0.5410021967421065,37.5079794727682,115.86743075045473,-0.5338310702550352,-1.2802613123863087,0,9.300242270696609,1.0389409533072314,0.0002487270796575429,0.029164189779411286,0.0770864403625421,0.31710370017996525,1.0124556936122087,3.179377723648917,9.932472605856178,20.815970895419145,3170.592538429252,3170.5922897021724,79.3277512286565,8.529643521072991,0.8672166562291601,2.8622740234689514,22.46939393372743,658.7692160160034,0,7.360650509876514e-05,0.00048701722087026816,-1.603817092190763,-0.004505583249240208,-0.0016902916328263267,-0.00027852193301752473,9.800162956600732e-07,0.00027540862517932415,0.0017449124020027095,0.004357454825241874,0.8729912133279979,2.476808305518761,0.03718592555071184,505.1989019287874,0.00027685221951091743,0.0005539305581968489,-7.966968544448749,753.4643908083917,F
351,0.08309317473807383,0.0018081682143654882,0.11814174069937274,0.0015028018651906253,0.0007509079848752836,0.16435485799000613,0.006100132310114781,0.0032456453250060153,0.0014075321649258715,0.17961924100227947,0.004679842546522534,0.0024032002235776667,0.010435246638876005,0.018409377811497027,0.20529665718750756,0,112.41625399588035,1.2382292005028752,0.04547708554667348,7.732797372841596,17.04456496672284,53.15040488848473,136.83448025922542,167.80264447618583,175.9675789461566,178.0618132970796,179.98688363833054,179.94140655278386,61.10131039103339,0.5435273656536583,38.15846404708181,114.6522395877011,-0.5329979803333673,-1.27548163810606,0,2.9755493385600853,0.15157682537463382,0.00044965068091717394,0.031083741949078612,0.06379272605943104,0.30121266843259276,0.9672796141256231,2.746364422280619,6.380867901655512,11.618604467973778,159.2601751981277,159.2597255474468,7.479667456995544,2.513709774550427,0.8312913918491427,2.4451517538480263,9.180039005598456,130.33486134775586,0,-0.00014424539530772998,8.362277012642397e-05,-0.08248585045013103,-0.003098905894532633,-0.0013205546307806504,-0.0002727903163746193,-6.012637692497363e-07,0.00021306355090653362,0.0010980705632351367,0.002487532572908572,0.04912901457047766,0.13161486502060868,0.0041264257305332385,-28.6069841032361,0.00024368187222615788,0.0004858538672811529,-5.353280784076453,117.69382582679117,M
352,5.073488980351436e-05,5.476345875814641e-05,0.00016892548282376954,0.000101673414290761,0.0001994646609441161,0.00028333587900681385,0.00038739611593685135,0.00017828563776833424,0.0005983124545928071,0.0008044448441167511,0.0004291621155376021,0.0005478177198038861,0.0005117233876277274,0.00011698914490968396,0.0003267647430552515,0,113.05699389737904,0.9151345945059792,0.0767752160739583,8.168493339873223,16.550360005975847,52.21327975458368,138.41766827157102,168.1976666460941,176.31314952479244,178.3741964935093,179.9998901282546,179.92311491218064,61.35498032472177,0.5426907103191971,37.05223188791305,115.98438689151041,-0.5413120635225783,-1.2775949254945995,3,5.256981858374558,0.3949698315937262,0.0,0.03150417845989452,0.08739155447559462,0.42882169043935364,1.3851840091566807,4.38047453441486,11.14565169280948,19.26647079243953,1249.9713387517274,1249.9713387517274,26.49243768027821,5.039476717629303,1.2142900684733846,3.9516528439755065,32.164396497364464,1293.8804511001506,2,-0.000253713157494399,0.00027617058879557204,-0.37765138640980733,-0.006030051309648951,-0.0026511317597838445,-0.0003949840339110204,-9.431590280087206e-07,0.00035079598633872477,0.0022021932552951035,0.0045920467542195946,0.9083165605006269,1.2859679469104344,0.01852402772958685,-73.01169522513152,0.00037650679455282195,0.0007457800202497452,21.095764561938427,1389.5844222561389,F
353,0.0006986117830643449,0.00640974426109209,0.004353881377170138,0.0020136186132312167,0.0002275892238910339,0.0005070897129517005,0.003945772546662878,0.007936751735606462,0.006944537929358415,0.0006977328944209768,0.0043053909056864235,0.0026889755816581866,0.0026081095171940666,0.0014872778752346267,0.0025450948791224436,0,115.44742192519765,1.2799787341640834,0.04779989384230089,7.764882814723838,17.041537464360417,56.112922919785774,142.94029393460877,169.6475053382966,176.96223436417384,178.65888537921603,179.9988621381577,179.9510622443154,61.26540359582278,0.5306779707520775,33.38046105864066,113.53458241851084,-0.5948049109002951,-1.214208516724295,0,6.2954925215435535,0.6127611962938544,0.0009700497994078314,0.03236246222172539,0.08813032300603028,0.4901834881005832,1.553203538600402,4.653846128483826,12.14299553572902,21.19278886288798,846.6662925665482,846.6653225167488,29.329441963986334,4.658800223115065,1.3496729072191123,4.163662640383243,19.710194171929036,486.3446051385347,0,-0.0004116664311662799,0.00029200854480704265,-0.3948612432354513,-0.005893683783288216,-0.002748031906985217,-0.00041345385607440514,-8.916571158165512e-08,0.0004107829500501727,0.002288334608631394,0.004851195904905929,0.27162776280571405,0.6664890060411653,0.013976811390320337,-33.95178798213653,0.0004114537792719466,0.0008242368061245778,-10.814173451628543,420.39269573607885,F
364,0.0001286298793487488,0.00013682474590885458,0.00012547409303390728,0.00018709152272484967,0.0001767667497506,0.0004677939458447497,0.0005950272393296318,0.00029368268988677246,0.000643681503668003,0.0008833524797177023,0.000676814308533586,0.000366602737653551,0.00030996278397994677,0.0007217546938299039,0.0007655801769796816,0,115.96225585860647,1.268539976387503,0.056742914607926395,7.217880952227714,16.387959504814265,55.94491048342546,143.74195620865163,169.9996290976192,176.65374575387494,178.4965973669509,179.99216826150627,179.93542534689834,61.481671535566946,0.530186922290749,32.02584757998696,114.05471861419373,-0.6394096464058079,-1.1676074551914861,0,8.931446226122969,0.4953354436494157,0.003424968805634862,0.05897476913007624,0.14844445791779198,0.7748849371562306,2.7142893545091655,7.957646941363577,20.41496508524889,36.57364639248435,479.99549326888723,479.9920683000816,24.007166989804706,2.6879372480111683,2.390326118415924,7.182762004207346,10.611469697631772,163.26545112561712,0,0.00013741720580414307,0.00031712748171597934,-0.12774053900432078,-0.010611485806010401,-0.004633731430761511,-0.0007493716303790165,-2.3404753557721582e-08,0.0006202773486360718,0.0041490389876438225,0.00923337370930883,0.49229843612151686,0.6200389751258376,0.015370053785208745,111.84955839602252,0.0006824703892071922,0.0013696489790150884,14.986414568506392,464.05269565921805,M
367,0.0004049092761869307,0.0002387748874707167,0.0005512927307499226,0.00019515256388285765,0.003976192549398859,0.00401537832980483,0.0014306076698461297,0.0016519673144580944,0.001095443599707363,0.0015608039814515844,0.0017090932989789816,0.0018323393531271492,0.0010038875969359666,0.001231353697465178,0.0014192324251141098,0,113.71321357822978,0.9376212974167092,0.003845601979883656,8.180693533305778,17.302816415524866,52.31834962899641,140.20339556725096,168.22137340781669,176.27370666800888,178.37379237810612,179.99544897841724,179.99160337643735,61.11104602627239,0.5374137631263989,35.25345861527785,115.90302377882028,-0.5589227426964378,-1.2586087278632365,0,3.8198472425589527,0.36535533782684176,0.0005705577160031184,0.024166364899113453,0.059446542007447145,0.2664835342228823,0.825819046096508,2.3346467087945415,6.634646709220097,13.131551887913057,1331.3100869643813,1331.3095164066654,23.812649016607686,6.233927040667564,0.6966628176378938,2.068163174571659,42.4569415674284,2286.588769529885,0,-0.0002092681909973283,0.00023731063470243676,-0.3812313008386256,-0.0035246130766649476,-0.0014165385658549254,-0.00023504329456536398,-8.04380236229955e-07,0.00021085650189475692,0.0012180575061235223,0.002863577360426798,0.7606307682178037,1.1418620690564294,0.015467119997999827,-73.91051609079611,0.00021850250070614866,0.00044589979646012087,21.793668090363532,1524.6490403951886,F
368,0.010631023151378947,0.00010276981141332109,0.02026055803625835,6.481592667350596e-05,0.00023446351469792268,0.030144156608351413,0.00047815909614497114,0.0008527896265652714,0.0003994291187215671,0.035062233720856144,0.0005950501505156226,0.0009914382634864894,0.009007496806520323,0.015259124363517803,0.04041589633328153,0,112.90852610083549,1.4329369048926597,0.022665923429184647,9.764714792408682,17.560324446092313,49.58204248736632,139.59096387961108,168.3481590925972,176.83328127785984,178.48206395692148,180.0,179.97733407657083,61.64960201793367,0.546013699292081,36.46945649973311,118.76611660523088,-0.5170297901168169,-1.3336553439757146,1,5.6901707227046305,0.5950648768080753,0.0,0.03817993155832432,0.09660332684244088,0.4847049993249582,1.5865909258457702,4.543828409641436,12.95579184602366,21.191010035046443,776.691757916977,776.691757916977,25.61545218617973,4.501701870555527,1.381108122375981,4.059123410316477,23.55403954886818,650.341099404324,0,-0.0005797626863832181,0.0002848805590614177,-0.41388375680300693,-0.005428447222739113,-0.0027167219090731233,-0.0004076451708634822,-2.6670889875344607e-06,0.0003323715166351907,0.0017991695006924543,0.004294098149301442,0.11923830509814017,0.5331220619011471,0.012263107139767367,-21.151942730687498,0.0003698213803385965,0.0007400166874986729,-21.29654609990785,717.9169720143722,F
369,0.0003115924309672865,0.0007588135804649353,0.00011674862763095223,0.0019879520996402894,0.0009315812585326287,0.0007218074526379866,0.0007571350064267971,0.0017476256212163694,0.0025331781929841136,0.0036400990484268545,0.002788629283282964,0.0017807432042002227,0.0011695345632857525,0.0005071881673002745,0.0010748816248310634,0,114.21778695649047,1.2627111612058868,0.032227469625352,9.564940708556243,18.749624661766017,57.3941206023582,138.33702246303025,168.1750366576506,176.3737516344713,178.2742583418455,179.99875559276632,179.96652812314096,59.98874810131276,0.5252137140790913,36.95271954023829,110.7809160552924,-0.5665695701662518,-1.2075918833035253,1,5.004543588947392,0.4577966249675164,0.0,0.027733133837327652,0.07870988036306659,0.3466569938334966,1.189368650931202,3.373994710462874,9.462522933965719,17.621382814752494,553.6543289450345,553.6543289450345,21.758587657972996,4.347766638705506,1.0225683700527504,3.0273377166293773,16.659487931899417,358.2772617933122,0,-0.00022012323054293524,0.0002466943384071177,-0.2696542854907208,-0.004241408941913293,-0.0017615017604336045,-0.0002872132053792386,-1.4785567938035634e-06,0.000307491819125191,0.0015264815561420008,0.003943525666166049,0.27929163904925114,0.5489459245399719,0.011725120051590154,-53.266163787756874,0.0002960053442111339,0.0005947050245044296,-3.2916877038418857,333.6224607505398,M
374,0.0016870172329370725,0.000310287949448485,0.0032380345488833666,0.0012364409302793203,0.00047940154332888434,0.004983317908879641,0.0011240928224634178,0.00019982987054246258,0.000824387917274046,0.006526474632972741,0.0012262979511964381,0.006457356398591456,0.00619222896610134,0.007407877387625162,0.0031410309539298487,0,114.11105659580375,1.3008031615064857,0.29375498789090687,9.66497822299965,17.45853213345884,52.43609629700093,141.27241961118693,168.52706930508342,176.0919515729755,178.26250711833177,179.97570976847112,179.6819547805802,61.09621949153239,0.5354101636964346,34.14400006707723,116.09097300808249,-0.5637693280833985,-1.2715512590849076,0,3.372413636450178,0.1775135352416525,0.0009697155681438259,0.029367596917500294,0.06952762265204443,0.37598838195587725,1.192066599850659,2.9983155973339914,7.099271234573635,13.842989601549213,166.0974466518124,166.09647693624424,8.337468905965444,2.4722557209030596,0.9981576058088163,2.6223272153781143,9.12520906075802,132.03646606250365,0,-0.0002250966169959702,0.00010096233223439019,-0.07498126983094895,-0.0038080168238316457,-0.001556695648705053,-0.0002791077419477227,-1.6024425676179296e-06,0.00029225297405168144,0.0016823599399917663,0.003353473103733739,0.032631675460934595,0.10761294529188355,0.004742006318177728,-21.066537478271485,0.0002830513589457723,0.0005713607159994042,-5.52469856712261,73.68527370496992,M
382,0.10085527854001364,0.0012903284621241956,0.1466040586056275,0.0015798421735858414,0.039083646990626955,0.24484830689845155,0.0008518056330306335,0.0004346893582353494,0.04238929318739303,0.31624571287378683,0.0017633648113330766,0.00024401247643778448,0.05558161690122857,0.024828864757764375,0.3857101551492058,0,110.79030891409977,1.189813178949558,0.019661015651008668,6.648331065381493,16.67955091963081,49.57903477607337,134.54380157439246,166.46817607073498,175.5501497834176,177.7260845822074,179.97679885374183,179.95713783809083,61.19157241909568,0.5523188175830432,39.71098191195995,116.88914129466161,-0.4914831892998917,-1.322375457444954,0,2.427708794778995,0.11767128185077672,0.0005502616709177067,0.02854025889496602,0.08523460506782114,0.3030002653591002,0.8596152381092744,2.2018656023408982,5.379872937163357,8.925321090313044,122.85515406006496,122.85460379839404,6.051782660011102,2.4927959535451705,0.6841583366925201,1.898865336981798,9.583504171972436,142.09638958343285,0,-0.0001457160310298774,8.280575255276108e-05,-0.1207723169750091,-0.002833352968832101,-0.0012430670715180808,-0.0002549206867229632,-2.0007706355749874e-06,0.0002105357614977607,0.000989896799684775,0.002033464506755268,0.0677176446925076,0.1884899616675167,0.004258663707628012,-29.225773427460577,0.00022461392173087535,0.00046545644822072393,-8.28454496871292,307.1247940787441,F
401,0.0006722956917050622,0.0009673696683772757,0.0015977426494016662,0.0011858435610634212,0.0014211239004849779,0.0024476562919730376,0.004036139398023391,0.0060984868177396895,0.004146488344433567,0.0036723479709573036,0.0017245774914164934,0.0008550738489629955,0.0015152027996884272,0.008399620934176547,0.008011638541741046,0,112.47397179902934,1.5157684638409594,0.30092400789105495,9.09739848117954,15.477295287378098,55.45107573846812,134.47813731400115,166.87992753644147,175.5974547066021,178.07494470611968,179.99167463589689,179.69075062800584,60.383923813312926,0.5368702007003725,39.599320251341936,111.42885179797335,-0.5268156813227317,-1.2564419856072924,0,3.8081600964635522,0.23237109744484127,0.0013259591285279138,0.03829115751687473,0.08694363814205681,0.47579419587703575,1.4390409659477574,3.6590325650219198,7.9975792256690665,14.322972955987504,181.56918753258785,181.5678615734593,9.257006580655084,2.430834404585984,1.191404562762487,3.183238369144884,9.22379443651754,128.1954961146636,0,3.4935691772031575e-05,0.0001581034038879481,-0.07149882315017228,-0.00367632887168903,-0.0018168944583555537,-0.00032634008178741836,2.5034577645259993e-06,0.0004018261636671632,0.001955022361677808,0.003920630712351199,0.13154927974769023,0.20304810289786251,0.0062983919528207056,180.2853080431343,0.00036579383021495814,0.0007281662454545815,3.976943896759723,159.77816106879493,F
402,0.00016477065763287444,0.0013273635893584106,0.00012258024393370525,0.005821367253917455,0.005171400918654457,0.0005290482343142449,0.012626491323808229,0.008220745474227638,0.00030487528671781016,0.00010765223186557374,0.00528348337644212,0.0030177579605742064,0.005204993072172966,0.005207798972977998,0.0020516517209051696,0,114.41127117535542,1.1703811903114347,0.07750961219785595,8.960725597893786,18.33847946232659,55.78006310944747,138.3328235310589,167.41745674648755,175.91668105606072,178.27505608536495,179.9953829603359,179.91787334813804,59.75824700043461,0.5223108386659263,36.025883113753224,111.63739363704008,-0.5923153176801926,-1.1707638168170742,1,8.91762620160925,1.4041464356017535,0.0,0.04785134557082004,0.14147475091190806,0.46270967831307647,1.4640062137714775,4.2437588104830075,10.88021450997504,21.72143661967441,2030.4457957327409,2030.4457957327409,71.7215127957268,8.0426686625174,1.2224815063211356,3.781049132169931,20.809393736206104,478.7994888033215,0,-0.0003365780000985877,0.000694021703021052,-1.0364430077307825,-0.005751107003911869,-0.0023612471459108024,-0.00038100010402606743,-1.2182385454490475e-06,0.00035068165284652785,0.00204153016116136,0.004799629735288441,0.9711633318248208,2.007606339555603,0.03544949813756756,-105.32327759741865,0.0003670757050809134,0.0007316817568725953,-1.991985858566282,545.252570448551,F
407,0.0002514372745373341,0.0007919308293663173,0.000496190474251617,0.0012807110659448552,0.0024617278338802725,0.0022296979738005763,0.0011222305871524388,0.002041894461684128,0.0086386283068964,0.00743069373770931,0.002784369535014048,0.0030641485027723026,0.0014984324564176932,0.012001433430103715,0.008185663863488193,0,111.4046685056416,1.1368034291777018,0.011297941161239805,7.0757060152802005,14.45039868739705,48.28727991136529,134.61307969052578,167.53094873425567,176.10706903227063,178.20210019538607,179.97356392698345,179.9622659858222,61.712827206596735,0.5539518947850158,39.96847290905271,119.24366882289038,-0.5135041804136936,-1.2950379595697028,0,2.610545959622446,0.18872387174884056,0.0018198675939618946,0.03265083430198967,0.07517117787073148,0.2461884239367582,0.7671280244997116,2.0215406695550184,5.182807691350461,9.068445737377848,332.4388742119703,332.43705434437635,10.245116603334546,3.9245111029634048,0.6271717694895143,1.7753522456182602,19.70861794503536,532.8025583289954,0,-7.94494180358012e-05,8.855635559310411e-05,-0.050926780382923816,-0.0025420008371737097,-0.0010380472687224372,-0.00017784472291131786,5.242180443825118e-07,0.0001898637966675381,0.0009617666442970246,0.002152140167604546,0.14159830716784103,0.19252508755076483,0.004807394955446504,-60.50887563808477,0.00018334655582153743,0.00036770851957885597,8.64400682405403,306.82849528539293,M
417,0.1425858647641153,0.00024012839551870312,0.23063841660250378,0.0017187637085885946,0.005133397337209565,0.3028007688354127,0.009055806158706247,0.008795816083920169,0.003796788994415251,0.3429339966617933,0.008825497554911504,0.0017457538554339234,0.008389361949440373,0.03263956919466764,0.35847983503287223,0,110.65210630439695,1.7050964105266568,0.011140088250315525,6.956492356435153,17.144346591172983,52.69791103379827,132.63943847577843,166.9360092283544,176.26160416085864,177.93572502596535,179.98862104059717,179.97748095234684,60.860239088827065,0.5500142846029916,42.37501524601609,114.23809819455613,-0.47137570827243636,-1.3115865248931786,0,2.603615766833162,0.17334503394303238,0.0021649672058714595,0.042378132484254705,0.07388179387792822,0.3254590458944533,0.9810609192846134,2.445825127196008,5.613023390496012,9.49641537782581,88.84429866988009,88.84213370267422,6.187227974619481,2.376398258697423,0.7893111820103452,2.1203660813015546,7.133027273762214,66.68176833167179,0,-9.401708264730232e-05,0.00011268313109431783,-0.059216448918762175,-0.0028673366327982906,-0.0013150991257947216,-0.00024079116687785094,-4.517581030355151e-07,0.00025847574648764837,0.0011853675489858224,0.0020541164425510565,0.051162896728503826,0.11037934564726601,0.004022014390118624,-42.779612777466134,0.00025335172157456244,0.0004992669133654993,-1.8931876179779954,81.0665862517491,M
428,0.0012335290567791134,0.0052362180889290386,0.0028927041215803077,0.012019318186473268,0.0064915151716201285,0.00167660145357144,0.0035280716853789604,0.010400726971843242,0.01281771032768408,0.0017345064901370343,0.005159073576598461,0.0022223172045026567,0.00046424554838823447,0.020523998705460286,0.013550065692218794,0,110.754273330352,1.189075565665693,0.09029731349255687,8.27062044398311,17.880110399311626,51.858609653550715,131.4878265863927,166.98212620801561,175.8424621264,177.9990702521918,179.99754773810133,179.90725042460878,60.537844499431785,0.5465960154770976,42.64729700471236,115.1235165544649,-0.4659756318139685,-1.3252619124606775,0,3.262496821205176,0.26696129750010117,0.0013139839272702757,0.03050931271780298,0.0758396382642329,0.2909640321247002,0.8673778287885335,2.4780145602450396,6.444382480110514,11.98812271548202,471.8972387968785,471.89592481295125,13.591450351921022,4.165965852772938,0.7209313873490787,2.1870505281203396,22.98823802007005,701.8947973312381,0,-0.00023172842066149883,0.00022111261879408016,-0.4942099844208516,-0.0031220881583158716,-0.0013188503216942733,-0.00023308870164615177,-1.548094094446516e-06,0.00021027478309551512,0.0011460126952645177,0.0025171096491061837,0.16209807280573083,0.6563080572265825,0.01125721671517513,-48.579352860732165,0.00022243865261532006,0.0004433634847416669,-31.173696040106407,1448.1888385780396,F
430,0.000742651065707798,0.00037706757732792345,0.0014570204260323145,0.0007594020798145115,0.005502583023033989,0.0032182761595111733,0.0014848717671074466,0.0029640346471257644,0.007094883450588446,0.007228332317603364,0.00212594844925677,0.0036215976490560856,0.0014639928910175814,5.893376486755552e-05,0.0033460037961195728,0,113.27941687491509,1.1719176618743132,0.09570400671906527,7.334958591467807,17.58335007965075,57.35401201942358,137.45755500471245,166.96217703743866,175.4917511424328,177.9354090842595,179.96622843384003,179.87052442712096,60.03147508018439,0.5299415969493566,36.05010083902228,109.60816501801509,-0.5734571458186021,-1.1971562925671952,0,2.9906846685266313,0.19875160682093995,0.0002367564173898345,0.035150286927923616,0.07807254076102914,0.2924926562929516,0.9119413977480009,2.569241039935271,6.241381589817936,11.01372984651711,295.61608789208833,295.61585113567094,10.181049846911076,3.404253866699627,0.7757013630488893,2.2767483836423192,17.44189044498884,422.1769865685523,0,-0.0002448272505501889,0.00010610180185085176,-0.12231480450769823,-0.003317955134600599,-0.0013285026773401977,-0.00023794979359654164,-6.712551749008401e-07,0.0002455458800184622,0.0011863163136255955,0.0026226029209027433,0.08379168047579595,0.20610648498349418,0.005435064152531891,-22.199588241578187,0.00024086708478057465,0.00048349567361500386,-7.377584921164958,204.5020120901514,F
432,0.00030877069345907053,0.0013016285499243669,0.00024274409424014006,0.0005373480304527185,0.0004642424525627378,0.0005608327025495533,0.002319907443208177,0.00033984447642953754,0.005610972115356152,0.02598706475390258,0.0025847955527053016,0.013600792076912964,0.007576462297908772,0.0003589257487279154,0.004317079605888813,0,111.9650149706799,1.2163129545912486,0.004955890098282694,7.564285331150028,16.469820198838406,50.02659320610159,136.3716120272225,168.07056647482662,175.89432913359008,178.23778549896866,179.99039291356127,179.985437023463,61.3123080148676,0.5476023741069775,38.37777639804017,118.04397326872504,-0.5104508572743396,-1.30114678807395,0,5.233239450607729,1.1460777741781423,0.0014400566004543075,0.03205682575583984,0.06659997607842372,0.25350409251850653,0.8176199394449909,2.402190766950354,6.583727554732946,12.722380278599166,2132.3852619546014,2132.383821898001,57.77186967725627,11.039408806441543,0.6970667732180645,2.1486866744318474,28.748513424261922,913.3733530422542,0,-0.0004263523700114936,0.0006191815535911818,-1.1261436850641364,-0.0032480694481228653,-0.001262769731124978,-0.00022432668933555948,-1.6477388874077407e-06,0.00020334724840130716,0.001085964666481491,0.002262856728687943,0.713866609198139,1.8400102942622754,0.03121190972077141,-73.2068399665047,0.0002133492128019577,0.0004276739377368666,-16.820960696600878,858.0703764142119,F
